--------------------------------------------------------
--  File created - Saturday-May-27-2017   
--------------------------------------------------------
--------------------------------------------------------
--  DDL for Sequence HIBERNATE_SEQUENCE
--------------------------------------------------------

   CREATE SEQUENCE  "RALUCA"."HIBERNATE_SEQUENCE"  MINVALUE 1 MAXVALUE 9999999999999999999999999999 INCREMENT BY 1 START WITH 661 CACHE 20 NOORDER  NOCYCLE ;
------------------------
--  DDL for Table PF_ANNOUNCEMENTS
--------------------------------------------------------

  CREATE TABLE "RALUCA"."PF_ANNOUNCEMENTS" 
   (	"ID" NUMBER(19,0), 
	"ADDRESS" VARCHAR2(255 CHAR), 
	"BATHROOMS" NUMBER(19,0), 
	"BUY_PRICE" NUMBER(19,0), 
	"CAR_DISPOSAL" NUMBER(19,0), 
	"CITY" VARCHAR2(255 CHAR), 
	"YEAR_OF_CONSTRUCTION" NUMBER(19,0), 
	"CONTACT_NUMBER" VARCHAR2(255 CHAR), 
	"CREATION_DATE" DATE, 
	"DIVISION" VARCHAR2(255 CHAR), 
	"FLOOR" NUMBER(19,0), 
	"ID_USER" NUMBER(19,0), 
	"LAST_UPDATE" DATE, 
	"LEVEL_OF_CONFORT" NUMBER(19,0), 
	"RENT_PRICE" NUMBER(19,0), 
	"ROOMS" NUMBER(19,0), 
	"SURFACE" NUMBER(19,0), 
	"TYPE_OF_ESTATE" VARCHAR2(255 CHAR), 
	"TYPE_OF_TRANSACTION" VARCHAR2(255 CHAR), 
	"UTILITIES" NUMBER(19,0), 
	"VERSION" NUMBER(19,0), 
	"DESCRIPTION" CLOB
   ) SEGMENT CREATION IMMEDIATE 
  PCTFREE 10 PCTUSED 40 INITRANS 1 MAXTRANS 255 NOCOMPRESS LOGGING
  STORAGE(INITIAL 65536 NEXT 1048576 MINEXTENTS 1 MAXEXTENTS 2147483645
  PCTINCREASE 0 FREELISTS 1 FREELIST GROUPS 1 BUFFER_POOL DEFAULT FLASH_CACHE DEFAULT CELL_FLASH_CACHE DEFAULT)
  TABLESPACE "SYSTEM" 
 LOB ("DESCRIPTION") STORE AS BASICFILE (
  TABLESPACE "SYSTEM" ENABLE STORAGE IN ROW CHUNK 8192 RETENTION 
  NOCACHE LOGGING 
  STORAGE(INITIAL 65536 NEXT 1048576 MINEXTENTS 1 MAXEXTENTS 2147483645
  PCTINCREASE 0 FREELISTS 1 FREELIST GROUPS 1 BUFFER_POOL DEFAULT FLASH_CACHE DEFAULT CELL_FLASH_CACHE DEFAULT)) ;
--------------------------------------------------------
--  DDL for Table PF_ATTACHEMENTS
--------------------------------------------------------

  CREATE TABLE "RALUCA"."PF_ATTACHEMENTS" 
   (	"ID" NUMBER(19,0), 
	"TYPE_OF_ATTACHEMENT" NUMBER(10,0), 
	"PATH_TO_FILE" VARCHAR2(4000 BYTE), 
	"ICON_URI" CLOB, 
	"ID_ANNOUNCEMENT" NUMBER(19,0), 
	"IMAGE_NAME" VARCHAR2(4000 BYTE)
   ) SEGMENT CREATION IMMEDIATE 
  PCTFREE 10 PCTUSED 40 INITRANS 1 MAXTRANS 255 NOCOMPRESS LOGGING
  STORAGE(INITIAL 65536 NEXT 1048576 MINEXTENTS 1 MAXEXTENTS 2147483645
  PCTINCREASE 0 FREELISTS 1 FREELIST GROUPS 1 BUFFER_POOL DEFAULT FLASH_CACHE DEFAULT CELL_FLASH_CACHE DEFAULT)
  TABLESPACE "SYSTEM" 
 LOB ("ICON_URI") STORE AS BASICFILE (
  TABLESPACE "SYSTEM" ENABLE STORAGE IN ROW CHUNK 8192 RETENTION 
  NOCACHE LOGGING 
  STORAGE(INITIAL 65536 NEXT 1048576 MINEXTENTS 1 MAXEXTENTS 2147483645
  PCTINCREASE 0 FREELISTS 1 FREELIST GROUPS 1 BUFFER_POOL DEFAULT FLASH_CACHE DEFAULT CELL_FLASH_CACHE DEFAULT)) ;
--------------------------------------------------------
--  DDL for Table PF_FAV_ANNOUNCEMENTS
--------------------------------------------------------

  CREATE TABLE "RALUCA"."PF_FAV_ANNOUNCEMENTS" 
   (	"ID_USER" NUMBER(4,0), 
	"ID_ANNOUNCEMENT" NUMBER(4,0)
   ) SEGMENT CREATION IMMEDIATE 
  PCTFREE 10 PCTUSED 40 INITRANS 1 MAXTRANS 255 NOCOMPRESS LOGGING
  STORAGE(INITIAL 65536 NEXT 1048576 MINEXTENTS 1 MAXEXTENTS 2147483645
  PCTINCREASE 0 FREELISTS 1 FREELIST GROUPS 1 BUFFER_POOL DEFAULT FLASH_CACHE DEFAULT CELL_FLASH_CACHE DEFAULT)
  TABLESPACE "SYSTEM" ;
--------------------------------------------------------
--  DDL for Table PF_MESSAGES
--------------------------------------------------------

  CREATE TABLE "RALUCA"."PF_MESSAGES" 
   (	"ID" NUMBER(19,0), 
	"TEXT" VARCHAR2(255 CHAR), 
	"CREATED_AT" DATE, 
	"SECOND_PART_TEXT" VARCHAR2(255 BYTE), 
	"ID_ANNOUNCEMENT" NUMBER(19,0)
   ) SEGMENT CREATION IMMEDIATE 
  PCTFREE 10 PCTUSED 40 INITRANS 1 MAXTRANS 255 NOCOMPRESS LOGGING
  STORAGE(INITIAL 65536 NEXT 1048576 MINEXTENTS 1 MAXEXTENTS 2147483645
  PCTINCREASE 0 FREELISTS 1 FREELIST GROUPS 1 BUFFER_POOL DEFAULT FLASH_CACHE DEFAULT CELL_FLASH_CACHE DEFAULT)
  TABLESPACE "SYSTEM" ;
--------------------------------------------------------
--  DDL for Table PF_USERS
--------------------------------------------------------

  CREATE TABLE "RALUCA"."PF_USERS" 
   (	"ID" NUMBER(19,0), 
	"EMAIL" VARCHAR2(255 CHAR), 
	"ENABLED" NUMBER(1,0), 
	"FIRSTNAME" VARCHAR2(255 CHAR), 
	"LASTNAME" VARCHAR2(255 CHAR), 
	"LOCKED" NUMBER(1,0), 
	"PASSWORD" VARCHAR2(255 CHAR), 
	"KEY" VARCHAR2(4000 BYTE), 
	"ROLE" VARCHAR2(255 BYTE)
   ) SEGMENT CREATION IMMEDIATE 
  PCTFREE 10 PCTUSED 40 INITRANS 1 MAXTRANS 255 NOCOMPRESS LOGGING
  STORAGE(INITIAL 65536 NEXT 1048576 MINEXTENTS 1 MAXEXTENTS 2147483645
  PCTINCREASE 0 FREELISTS 1 FREELIST GROUPS 1 BUFFER_POOL DEFAULT FLASH_CACHE DEFAULT CELL_FLASH_CACHE DEFAULT)
  TABLESPACE "SYSTEM" ;

REM INSERTING into RALUCA.PF_ANNOUNCEMENTS
SET DEFINE OFF;
Insert into RALUCA.PF_ANNOUNCEMENTS (ID,ADDRESS,BATHROOMS,BUY_PRICE,CAR_DISPOSAL,CITY,YEAR_OF_CONSTRUCTION,CONTACT_NUMBER,CREATION_DATE,DIVISION,FLOOR,ID_USER,LAST_UPDATE,LEVEL_OF_CONFORT,RENT_PRICE,ROOMS,SURFACE,TYPE_OF_ESTATE,TYPE_OF_TRANSACTION,UTILITIES,VERSION) values (61,'47.11984765848466 27.578516006469727',0,4,-1,'Iasi',2015,'100000000',to_date('06-MAY-17','DD-MON-RR'),' ',1,81,to_date('27-MAY-17','DD-MON-RR'),1,0,0,10,'space','rent',1,37);
Insert into RALUCA.PF_ANNOUNCEMENTS (ID,ADDRESS,BATHROOMS,BUY_PRICE,CAR_DISPOSAL,CITY,YEAR_OF_CONSTRUCTION,CONTACT_NUMBER,CREATION_DATE,DIVISION,FLOOR,ID_USER,LAST_UPDATE,LEVEL_OF_CONFORT,RENT_PRICE,ROOMS,SURFACE,TYPE_OF_ESTATE,TYPE_OF_TRANSACTION,UTILITIES,VERSION) values (217,'47.15195339194482 27.59456902742386',0,150,-1,'Iasi',2015,'100000000',to_date('13-MAY-17','DD-MON-RR'),' ',-1,81,to_date('27-MAY-17','DD-MON-RR'),1,0,0,50,'space','sale',1,20);
Insert into RALUCA.PF_ANNOUNCEMENTS (ID,ADDRESS,BATHROOMS,BUY_PRICE,CAR_DISPOSAL,CITY,YEAR_OF_CONSTRUCTION,CONTACT_NUMBER,CREATION_DATE,DIVISION,FLOOR,ID_USER,LAST_UPDATE,LEVEL_OF_CONFORT,RENT_PRICE,ROOMS,SURFACE,TYPE_OF_ESTATE,TYPE_OF_TRANSACTION,UTILITIES,VERSION) values (281,'47.13984759596534 27.593579292297363',0,1,-1,'Iasi',2015,'100000000',to_date('18-MAY-17','DD-MON-RR'),' ',-1,81,to_date('27-MAY-17','DD-MON-RR'),1,0,0,10,'space','rent',1,13);
Insert into RALUCA.PF_ANNOUNCEMENTS (ID,ADDRESS,BATHROOMS,BUY_PRICE,CAR_DISPOSAL,CITY,YEAR_OF_CONSTRUCTION,CONTACT_NUMBER,CREATION_DATE,DIVISION,FLOOR,ID_USER,LAST_UPDATE,LEVEL_OF_CONFORT,RENT_PRICE,ROOMS,SURFACE,TYPE_OF_ESTATE,TYPE_OF_TRANSACTION,UTILITIES,VERSION) values (283,'47.00577481283788 26.997270584106445',0,1,-1,'Bara',2015,'100000000',to_date('18-MAY-17','DD-MON-RR'),' ',-1,81,to_date('26-MAY-17','DD-MON-RR'),1,0,0,10,'space','sale',1,2);
Insert into RALUCA.PF_ANNOUNCEMENTS (ID,ADDRESS,BATHROOMS,BUY_PRICE,CAR_DISPOSAL,CITY,YEAR_OF_CONSTRUCTION,CONTACT_NUMBER,CREATION_DATE,DIVISION,FLOOR,ID_USER,LAST_UPDATE,LEVEL_OF_CONFORT,RENT_PRICE,ROOMS,SURFACE,TYPE_OF_ESTATE,TYPE_OF_TRANSACTION,UTILITIES,VERSION) values (350,'47.14227043522485 27.594995498657227',3,150000,-1,'Iasi',2017,'100000000',to_date('22-MAY-17','DD-MON-RR'),'Non-detached',1,81,to_date('27-MAY-17','DD-MON-RR'),1,0,4,100,'appartment','sale',1,12);
Insert into RALUCA.PF_ANNOUNCEMENTS (ID,ADDRESS,BATHROOMS,BUY_PRICE,CAR_DISPOSAL,CITY,YEAR_OF_CONSTRUCTION,CONTACT_NUMBER,CREATION_DATE,DIVISION,FLOOR,ID_USER,LAST_UPDATE,LEVEL_OF_CONFORT,RENT_PRICE,ROOMS,SURFACE,TYPE_OF_ESTATE,TYPE_OF_TRANSACTION,UTILITIES,VERSION) values (2,'47.15195339194482 27.59456',2,112481,-1,'Iasi',2002,'46-(548)802-7115',to_date('11-APR-16','DD-MON-RR'),'Detached ',2,81,to_date('27-MAY-17','DD-MON-RR'),1,0,5,115,'appartment','sale',1,4);
Insert into RALUCA.PF_ANNOUNCEMENTS (ID,ADDRESS,BATHROOMS,BUY_PRICE,CAR_DISPOSAL,CITY,YEAR_OF_CONSTRUCTION,CONTACT_NUMBER,CREATION_DATE,DIVISION,FLOOR,ID_USER,LAST_UPDATE,LEVEL_OF_CONFORT,RENT_PRICE,ROOMS,SURFACE,TYPE_OF_ESTATE,TYPE_OF_TRANSACTION,UTILITIES,VERSION) values (3,'47.1198476584 27.57851600646',1,72913,-1,'Iasi',2002,'62-(563)761-8251',to_date('16-NOV-16','DD-MON-RR'),'Detached ',1,81,to_date('27-MAY-17','DD-MON-RR'),2,0,5,183,'appartment','sale',1,4);
Insert into RALUCA.PF_ANNOUNCEMENTS (ID,ADDRESS,BATHROOMS,BUY_PRICE,CAR_DISPOSAL,CITY,YEAR_OF_CONSTRUCTION,CONTACT_NUMBER,CREATION_DATE,DIVISION,FLOOR,ID_USER,LAST_UPDATE,LEVEL_OF_CONFORT,RENT_PRICE,ROOMS,SURFACE,TYPE_OF_ESTATE,TYPE_OF_TRANSACTION,UTILITIES,VERSION) values (4,'932 Iowa Road',2,132887,-1,'Bucuresti',1986,'7-(345)218-1044',to_date('05-JUN-16','DD-MON-RR'),'Detached ',1,81,to_date('27-MAY-17','DD-MON-RR'),3,0,3,147,'appartment','sale',1,3);
Insert into RALUCA.PF_ANNOUNCEMENTS (ID,ADDRESS,BATHROOMS,BUY_PRICE,CAR_DISPOSAL,CITY,YEAR_OF_CONSTRUCTION,CONTACT_NUMBER,CREATION_DATE,DIVISION,FLOOR,ID_USER,LAST_UPDATE,LEVEL_OF_CONFORT,RENT_PRICE,ROOMS,SURFACE,TYPE_OF_ESTATE,TYPE_OF_TRANSACTION,UTILITIES,VERSION) values (7,'139 Moland Circle',2,41123,-1,'London',1992,'880-(552)395-9240',to_date('27-DEC-16','DD-MON-RR'),'Detached ',3,81,to_date('27-MAY-17','DD-MON-RR'),2,0,3,76,'appartment','sale',1,3);
Insert into RALUCA.PF_ANNOUNCEMENTS (ID,ADDRESS,BATHROOMS,BUY_PRICE,CAR_DISPOSAL,CITY,YEAR_OF_CONSTRUCTION,CONTACT_NUMBER,CREATION_DATE,DIVISION,FLOOR,ID_USER,LAST_UPDATE,LEVEL_OF_CONFORT,RENT_PRICE,ROOMS,SURFACE,TYPE_OF_ESTATE,TYPE_OF_TRANSACTION,UTILITIES,VERSION) values (12,'47.119847658325325 27.578516006465325',2,88334,-1,'Iasi',1979,'504-(928)460-8551',to_date('05-FEB-16','DD-MON-RR'),'Semi-detached',2,81,to_date('27-MAY-17','DD-MON-RR'),2,0,2,133,'appartment','sale',1,4);
Insert into RALUCA.PF_ANNOUNCEMENTS (ID,ADDRESS,BATHROOMS,BUY_PRICE,CAR_DISPOSAL,CITY,YEAR_OF_CONSTRUCTION,CONTACT_NUMBER,CREATION_DATE,DIVISION,FLOOR,ID_USER,LAST_UPDATE,LEVEL_OF_CONFORT,RENT_PRICE,ROOMS,SURFACE,TYPE_OF_ESTATE,TYPE_OF_TRANSACTION,UTILITIES,VERSION) values (14,'9 Fieldstone Court',1,44835,-1,'Bucuresti',1982,'374-(274)604-8532',to_date('20-MAY-16','DD-MON-RR'),'Detached ',2,81,to_date('26-MAY-17','DD-MON-RR'),1,0,5,97,'appartment','sale',1,2);
Insert into RALUCA.PF_ANNOUNCEMENTS (ID,ADDRESS,BATHROOMS,BUY_PRICE,CAR_DISPOSAL,CITY,YEAR_OF_CONSTRUCTION,CONTACT_NUMBER,CREATION_DATE,DIVISION,FLOOR,ID_USER,LAST_UPDATE,LEVEL_OF_CONFORT,RENT_PRICE,ROOMS,SURFACE,TYPE_OF_ESTATE,TYPE_OF_TRANSACTION,UTILITIES,VERSION) values (15,'86814 Ludington Plaza',2,94488,-1,'New York',1980,'86-(612)645-2944',to_date('17-JUN-16','DD-MON-RR'),'Detached ',2,81,to_date('27-MAY-17','DD-MON-RR'),3,0,2,155,'appartment','sale',1,3);
Insert into RALUCA.PF_ANNOUNCEMENTS (ID,ADDRESS,BATHROOMS,BUY_PRICE,CAR_DISPOSAL,CITY,YEAR_OF_CONSTRUCTION,CONTACT_NUMBER,CREATION_DATE,DIVISION,FLOOR,ID_USER,LAST_UPDATE,LEVEL_OF_CONFORT,RENT_PRICE,ROOMS,SURFACE,TYPE_OF_ESTATE,TYPE_OF_TRANSACTION,UTILITIES,VERSION) values (17,'47.119847635235 27.5785160054657',2,39491,-1,'Iasi',1979,'57-(966)344-7593',to_date('28-SEP-16','DD-MON-RR'),' ',2,81,to_date('26-MAY-17','DD-MON-RR'),2,0,0,106,'space','sale',1,2);
Insert into RALUCA.PF_ANNOUNCEMENTS (ID,ADDRESS,BATHROOMS,BUY_PRICE,CAR_DISPOSAL,CITY,YEAR_OF_CONSTRUCTION,CONTACT_NUMBER,CREATION_DATE,DIVISION,FLOOR,ID_USER,LAST_UPDATE,LEVEL_OF_CONFORT,RENT_PRICE,ROOMS,SURFACE,TYPE_OF_ESTATE,TYPE_OF_TRANSACTION,UTILITIES,VERSION) values (20,'47.119847658576 27.578516006436757',2,97752,-1,'Iasi',1982,'238-(218)856-2120',to_date('10-JUN-16','DD-MON-RR'),' ',2,81,to_date('27-MAY-17','DD-MON-RR'),1,0,0,35,'space','sale',1,3);
Insert into RALUCA.PF_ANNOUNCEMENTS (ID,ADDRESS,BATHROOMS,BUY_PRICE,CAR_DISPOSAL,CITY,YEAR_OF_CONSTRUCTION,CONTACT_NUMBER,CREATION_DATE,DIVISION,FLOOR,ID_USER,LAST_UPDATE,LEVEL_OF_CONFORT,RENT_PRICE,ROOMS,SURFACE,TYPE_OF_ESTATE,TYPE_OF_TRANSACTION,UTILITIES,VERSION) values (26,'82855 Kings Trail',1,122340,-1,'Bucuresti',1992,'98-(885)447-7631',to_date('28-JUN-16','DD-MON-RR'),'Detached ',2,81,to_date('27-MAY-17','DD-MON-RR'),3,0,4,190,'house','sale',1,3);
Insert into RALUCA.PF_ANNOUNCEMENTS (ID,ADDRESS,BATHROOMS,BUY_PRICE,CAR_DISPOSAL,CITY,YEAR_OF_CONSTRUCTION,CONTACT_NUMBER,CREATION_DATE,DIVISION,FLOOR,ID_USER,LAST_UPDATE,LEVEL_OF_CONFORT,RENT_PRICE,ROOMS,SURFACE,TYPE_OF_ESTATE,TYPE_OF_TRANSACTION,UTILITIES,VERSION) values (33,'10 Brickson Park Center',2,179037,2,'London',1995,'62-(941)268-0790',to_date('16-JAN-16','DD-MON-RR'),'Semi-detached',3,81,to_date('27-MAY-17','DD-MON-RR'),1,0,1,81,'appartment','sale',1,2);
Insert into RALUCA.PF_ANNOUNCEMENTS (ID,ADDRESS,BATHROOMS,BUY_PRICE,CAR_DISPOSAL,CITY,YEAR_OF_CONSTRUCTION,CONTACT_NUMBER,CREATION_DATE,DIVISION,FLOOR,ID_USER,LAST_UPDATE,LEVEL_OF_CONFORT,RENT_PRICE,ROOMS,SURFACE,TYPE_OF_ESTATE,TYPE_OF_TRANSACTION,UTILITIES,VERSION) values (35,'917 Mallard Place',1,67374,2,'Bucuresti',2016,'86-(104)575-3703',to_date('09-FEB-16','DD-MON-RR'),'Semi-detached',2,81,to_date('27-MAY-17','DD-MON-RR'),1,0,4,126,'house','sale',1,2);
Insert into RALUCA.PF_ANNOUNCEMENTS (ID,ADDRESS,BATHROOMS,BUY_PRICE,CAR_DISPOSAL,CITY,YEAR_OF_CONSTRUCTION,CONTACT_NUMBER,CREATION_DATE,DIVISION,FLOOR,ID_USER,LAST_UPDATE,LEVEL_OF_CONFORT,RENT_PRICE,ROOMS,SURFACE,TYPE_OF_ESTATE,TYPE_OF_TRANSACTION,UTILITIES,VERSION) values (48,'47.15195339194482 27.59565',1,181709,-1,'Iasi',1994,'254-(537)438-9689',to_date('20-OCT-16','DD-MON-RR'),'Detached ',3,81,to_date('27-MAY-17','DD-MON-RR'),3,0,4,157,'house','sale',1,3);
Insert into RALUCA.PF_ANNOUNCEMENTS (ID,ADDRESS,BATHROOMS,BUY_PRICE,CAR_DISPOSAL,CITY,YEAR_OF_CONSTRUCTION,CONTACT_NUMBER,CREATION_DATE,DIVISION,FLOOR,ID_USER,LAST_UPDATE,LEVEL_OF_CONFORT,RENT_PRICE,ROOMS,SURFACE,TYPE_OF_ESTATE,TYPE_OF_TRANSACTION,UTILITIES,VERSION) values (56,'017 Mallard Trail',2,32172,-1,'London',1988,'7-(108)253-0900',to_date('14-MAY-16','DD-MON-RR'),'Non-detached',1,81,to_date('26-MAY-17','DD-MON-RR'),2,0,5,89,'house','sale',1,2);
Insert into RALUCA.PF_ANNOUNCEMENTS (ID,ADDRESS,BATHROOMS,BUY_PRICE,CAR_DISPOSAL,CITY,YEAR_OF_CONSTRUCTION,CONTACT_NUMBER,CREATION_DATE,DIVISION,FLOOR,ID_USER,LAST_UPDATE,LEVEL_OF_CONFORT,RENT_PRICE,ROOMS,SURFACE,TYPE_OF_ESTATE,TYPE_OF_TRANSACTION,UTILITIES,VERSION) values (24,'47.11984765856757 27.57851600646547',2,86801,-1,'Iasi',1999,'62-(303)212-7599',to_date('11-SEP-16','DD-MON-RR'),' ',2,81,to_date('27-MAY-17','DD-MON-RR'),1,0,0,30,'space','sale',1,2);
Insert into RALUCA.PF_ANNOUNCEMENTS (ID,ADDRESS,BATHROOMS,BUY_PRICE,CAR_DISPOSAL,CITY,YEAR_OF_CONSTRUCTION,CONTACT_NUMBER,CREATION_DATE,DIVISION,FLOOR,ID_USER,LAST_UPDATE,LEVEL_OF_CONFORT,RENT_PRICE,ROOMS,SURFACE,TYPE_OF_ESTATE,TYPE_OF_TRANSACTION,UTILITIES,VERSION) values (28,'47.119847543 27.5785160066547647',1,69221,-1,'Iasi',2010,'86-(565)445-6230',to_date('10-JAN-16','DD-MON-RR'),'Semi-detached',3,81,to_date('27-MAY-17','DD-MON-RR'),2,0,4,77,'appartment','sale',1,2);
Insert into RALUCA.PF_ANNOUNCEMENTS (ID,ADDRESS,BATHROOMS,BUY_PRICE,CAR_DISPOSAL,CITY,YEAR_OF_CONSTRUCTION,CONTACT_NUMBER,CREATION_DATE,DIVISION,FLOOR,ID_USER,LAST_UPDATE,LEVEL_OF_CONFORT,RENT_PRICE,ROOMS,SURFACE,TYPE_OF_ESTATE,TYPE_OF_TRANSACTION,UTILITIES,VERSION) values (34,'47.11984765545 27.578516006469',2,131108,-1,'Iasi',1992,'1-(304)197-4811',to_date('05-JAN-16','DD-MON-RR'),'Semi-detached',3,81,to_date('27-MAY-17','DD-MON-RR'),1,0,1,178,'appartment','sale',1,2);
Insert into RALUCA.PF_ANNOUNCEMENTS (ID,ADDRESS,BATHROOMS,BUY_PRICE,CAR_DISPOSAL,CITY,YEAR_OF_CONSTRUCTION,CONTACT_NUMBER,CREATION_DATE,DIVISION,FLOOR,ID_USER,LAST_UPDATE,LEVEL_OF_CONFORT,RENT_PRICE,ROOMS,SURFACE,TYPE_OF_ESTATE,TYPE_OF_TRANSACTION,UTILITIES,VERSION) values (37,'47.15195339194482 27.59456902742386563465',2,63938,-1,'Iasi',1993,'86-(502)442-5261',to_date('09-MAY-16','DD-MON-RR'),'Semi-detached',2,81,to_date('27-MAY-17','DD-MON-RR'),1,0,4,100,'house','sale',1,2);
Insert into RALUCA.PF_ANNOUNCEMENTS (ID,ADDRESS,BATHROOMS,BUY_PRICE,CAR_DISPOSAL,CITY,YEAR_OF_CONSTRUCTION,CONTACT_NUMBER,CREATION_DATE,DIVISION,FLOOR,ID_USER,LAST_UPDATE,LEVEL_OF_CONFORT,RENT_PRICE,ROOMS,SURFACE,TYPE_OF_ESTATE,TYPE_OF_TRANSACTION,UTILITIES,VERSION) values (38,'47.15195365464 27.594565745',1,169150,0,'Iasi',1999,'27-(616)485-9069',to_date('25-MAR-16','DD-MON-RR'),'Semi-detached',3,81,to_date('21-AUG-16','DD-MON-RR'),1,965,1,108,'house','sale',2,1);
Insert into RALUCA.PF_ANNOUNCEMENTS (ID,ADDRESS,BATHROOMS,BUY_PRICE,CAR_DISPOSAL,CITY,YEAR_OF_CONSTRUCTION,CONTACT_NUMBER,CREATION_DATE,DIVISION,FLOOR,ID_USER,LAST_UPDATE,LEVEL_OF_CONFORT,RENT_PRICE,ROOMS,SURFACE,TYPE_OF_ESTATE,TYPE_OF_TRANSACTION,UTILITIES,VERSION) values (42,'47.15195339194482 27.594569',2,181471,0,'Iasi',1993,'261-(707)283-2722',to_date('05-JAN-17','DD-MON-RR'),' ',3,81,to_date('25-JUN-16','DD-MON-RR'),1,563,0,49,'space','rent',3,1);
Insert into RALUCA.PF_ANNOUNCEMENTS (ID,ADDRESS,BATHROOMS,BUY_PRICE,CAR_DISPOSAL,CITY,YEAR_OF_CONSTRUCTION,CONTACT_NUMBER,CREATION_DATE,DIVISION,FLOOR,ID_USER,LAST_UPDATE,LEVEL_OF_CONFORT,RENT_PRICE,ROOMS,SURFACE,TYPE_OF_ESTATE,TYPE_OF_TRANSACTION,UTILITIES,VERSION) values (44,'47.135436 27.5965376574',1,149507,0,'Iasi',2013,'504-(396)722-4168',to_date('09-MAY-16','DD-MON-RR'),' ',1,81,to_date('03-JAN-17','DD-MON-RR'),3,1375,0,166,'space','sale',3,1);
Insert into RALUCA.PF_ANNOUNCEMENTS (ID,ADDRESS,BATHROOMS,BUY_PRICE,CAR_DISPOSAL,CITY,YEAR_OF_CONSTRUCTION,CONTACT_NUMBER,CREATION_DATE,DIVISION,FLOOR,ID_USER,LAST_UPDATE,LEVEL_OF_CONFORT,RENT_PRICE,ROOMS,SURFACE,TYPE_OF_ESTATE,TYPE_OF_TRANSACTION,UTILITIES,VERSION) values (51,'47.151953394325435 27.59456902742386',2,178940,-1,'Iasi',1983,'7-(899)102-9377',to_date('12-AUG-16','DD-MON-RR'),'Non-detached',2,81,to_date('27-MAY-17','DD-MON-RR'),3,0,2,40,'house','sale',1,2);
Insert into RALUCA.PF_ANNOUNCEMENTS (ID,ADDRESS,BATHROOMS,BUY_PRICE,CAR_DISPOSAL,CITY,YEAR_OF_CONSTRUCTION,CONTACT_NUMBER,CREATION_DATE,DIVISION,FLOOR,ID_USER,LAST_UPDATE,LEVEL_OF_CONFORT,RENT_PRICE,ROOMS,SURFACE,TYPE_OF_ESTATE,TYPE_OF_TRANSACTION,UTILITIES,VERSION) values (10,'47.1198473242 27.57851604325325',1,80633,0,'Iasi',1991,'212-(336)827-2157',to_date('19-NOV-16','DD-MON-RR'),'Detached ',1,81,to_date('19-MAY-16','DD-MON-RR'),2,892,4,83,'appartment','sale',3,1);
Insert into RALUCA.PF_ANNOUNCEMENTS (ID,ADDRESS,BATHROOMS,BUY_PRICE,CAR_DISPOSAL,CITY,YEAR_OF_CONSTRUCTION,CONTACT_NUMBER,CREATION_DATE,DIVISION,FLOOR,ID_USER,LAST_UPDATE,LEVEL_OF_CONFORT,RENT_PRICE,ROOMS,SURFACE,TYPE_OF_ESTATE,TYPE_OF_TRANSACTION,UTILITIES,VERSION) values (32,'47.1198476 27.578516',1,92948,0,'Iasi',2012,'30-(982)401-3321',to_date('30-OCT-16','DD-MON-RR'),'Semi-detached',1,81,to_date('10-JUL-16','DD-MON-RR'),3,1247,4,137,'appartment','sale',2,1);
Insert into RALUCA.PF_ANNOUNCEMENTS (ID,ADDRESS,BATHROOMS,BUY_PRICE,CAR_DISPOSAL,CITY,YEAR_OF_CONSTRUCTION,CONTACT_NUMBER,CREATION_DATE,DIVISION,FLOOR,ID_USER,LAST_UPDATE,LEVEL_OF_CONFORT,RENT_PRICE,ROOMS,SURFACE,TYPE_OF_ESTATE,TYPE_OF_TRANSACTION,UTILITIES,VERSION) values (60,'47.15195339194482 27.594569027423863545',2,175550,0,'Iasi',1986,'255-(949)457-8055',to_date('03-MAY-16','DD-MON-RR'),'Non-detached',3,81,to_date('24-JUL-16','DD-MON-RR'),2,2639,2,175,'house','sale',1,1);
Insert into RALUCA.PF_ANNOUNCEMENTS (ID,ADDRESS,BATHROOMS,BUY_PRICE,CAR_DISPOSAL,CITY,YEAR_OF_CONSTRUCTION,CONTACT_NUMBER,CREATION_DATE,DIVISION,FLOOR,ID_USER,LAST_UPDATE,LEVEL_OF_CONFORT,RENT_PRICE,ROOMS,SURFACE,TYPE_OF_ESTATE,TYPE_OF_TRANSACTION,UTILITIES,VERSION) values (16,'6583 Eggendart Crossing',1,151417,0,'Bucuresti',1982,'51-(466)714-1409',to_date('09-JAN-16','DD-MON-RR'),' ',2,81,to_date('18-SEP-16','DD-MON-RR'),3,1342,0,59,'space','sale',3,1);
Insert into RALUCA.PF_ANNOUNCEMENTS (ID,ADDRESS,BATHROOMS,BUY_PRICE,CAR_DISPOSAL,CITY,YEAR_OF_CONSTRUCTION,CONTACT_NUMBER,CREATION_DATE,DIVISION,FLOOR,ID_USER,LAST_UPDATE,LEVEL_OF_CONFORT,RENT_PRICE,ROOMS,SURFACE,TYPE_OF_ESTATE,TYPE_OF_TRANSACTION,UTILITIES,VERSION) values (40,'79 Sundown Circle',1,126719,0,'Bucuresti',1989,'972-(797)599-0231',to_date('26-JAN-17','DD-MON-RR'),'Semi-detached',3,81,to_date('20-NOV-16','DD-MON-RR'),2,2730,1,125,'house','rent',2,1);
Insert into RALUCA.PF_ANNOUNCEMENTS (ID,ADDRESS,BATHROOMS,BUY_PRICE,CAR_DISPOSAL,CITY,YEAR_OF_CONSTRUCTION,CONTACT_NUMBER,CREATION_DATE,DIVISION,FLOOR,ID_USER,LAST_UPDATE,LEVEL_OF_CONFORT,RENT_PRICE,ROOMS,SURFACE,TYPE_OF_ESTATE,TYPE_OF_TRANSACTION,UTILITIES,VERSION) values (13,'088 Hanover Center',1,178410,0,'Bucuresti',1986,'46-(660)651-5556',to_date('30-MAR-16','DD-MON-RR'),'Semi-detached',1,81,to_date('21-NOV-16','DD-MON-RR'),2,2732,5,58,'appartment','rent',3,1);
Insert into RALUCA.PF_ANNOUNCEMENTS (ID,ADDRESS,BATHROOMS,BUY_PRICE,CAR_DISPOSAL,CITY,YEAR_OF_CONSTRUCTION,CONTACT_NUMBER,CREATION_DATE,DIVISION,FLOOR,ID_USER,LAST_UPDATE,LEVEL_OF_CONFORT,RENT_PRICE,ROOMS,SURFACE,TYPE_OF_ESTATE,TYPE_OF_TRANSACTION,UTILITIES,VERSION) values (25,'404 Graedel Hill',2,65395,0,'Bucuresti',1981,'63-(528)380-4427',to_date('22-FEB-16','DD-MON-RR'),'Detached ',2,81,to_date('25-JAN-16','DD-MON-RR'),2,2469,4,92,'house','sale',1,1);
Insert into RALUCA.PF_ANNOUNCEMENTS (ID,ADDRESS,BATHROOMS,BUY_PRICE,CAR_DISPOSAL,CITY,YEAR_OF_CONSTRUCTION,CONTACT_NUMBER,CREATION_DATE,DIVISION,FLOOR,ID_USER,LAST_UPDATE,LEVEL_OF_CONFORT,RENT_PRICE,ROOMS,SURFACE,TYPE_OF_ESTATE,TYPE_OF_TRANSACTION,UTILITIES,VERSION) values (53,'45806 Johnson Park',1,106295,0,'Bucuresti',1999,'358-(598)825-1401',to_date('27-MAY-16','DD-MON-RR'),'Non-detached',2,81,to_date('06-SEP-16','DD-MON-RR'),1,1264,4,48,'house','rent',1,1);
Insert into RALUCA.PF_ANNOUNCEMENTS (ID,ADDRESS,BATHROOMS,BUY_PRICE,CAR_DISPOSAL,CITY,YEAR_OF_CONSTRUCTION,CONTACT_NUMBER,CREATION_DATE,DIVISION,FLOOR,ID_USER,LAST_UPDATE,LEVEL_OF_CONFORT,RENT_PRICE,ROOMS,SURFACE,TYPE_OF_ESTATE,TYPE_OF_TRANSACTION,UTILITIES,VERSION) values (18,'66177 Burning Wood Street',2,184010,0,'Bucuresti',1980,'963-(443)782-5901',to_date('22-FEB-16','DD-MON-RR'),' ',3,81,to_date('30-APR-16','DD-MON-RR'),3,433,0,194,'space','rent',1,1);
Insert into RALUCA.PF_ANNOUNCEMENTS (ID,ADDRESS,BATHROOMS,BUY_PRICE,CAR_DISPOSAL,CITY,YEAR_OF_CONSTRUCTION,CONTACT_NUMBER,CREATION_DATE,DIVISION,FLOOR,ID_USER,LAST_UPDATE,LEVEL_OF_CONFORT,RENT_PRICE,ROOMS,SURFACE,TYPE_OF_ESTATE,TYPE_OF_TRANSACTION,UTILITIES,VERSION) values (22,'8 Sunnyside Center',1,162636,0,'Bucuresti',1997,'351-(687)703-5020',to_date('16-NOV-16','DD-MON-RR'),' ',1,81,to_date('21-NOV-16','DD-MON-RR'),3,2639,0,64,'space','sale',1,1);
Insert into RALUCA.PF_ANNOUNCEMENTS (ID,ADDRESS,BATHROOMS,BUY_PRICE,CAR_DISPOSAL,CITY,YEAR_OF_CONSTRUCTION,CONTACT_NUMBER,CREATION_DATE,DIVISION,FLOOR,ID_USER,LAST_UPDATE,LEVEL_OF_CONFORT,RENT_PRICE,ROOMS,SURFACE,TYPE_OF_ESTATE,TYPE_OF_TRANSACTION,UTILITIES,VERSION) values (30,'69036 Pleasure Circle',2,89600,0,'Bucuresti',2009,'55-(400)947-7626',to_date('15-JUN-16','DD-MON-RR'),'Semi-detached',1,81,to_date('22-SEP-16','DD-MON-RR'),3,1460,4,85,'appartment','rent',2,1);
Insert into RALUCA.PF_ANNOUNCEMENTS (ID,ADDRESS,BATHROOMS,BUY_PRICE,CAR_DISPOSAL,CITY,YEAR_OF_CONSTRUCTION,CONTACT_NUMBER,CREATION_DATE,DIVISION,FLOOR,ID_USER,LAST_UPDATE,LEVEL_OF_CONFORT,RENT_PRICE,ROOMS,SURFACE,TYPE_OF_ESTATE,TYPE_OF_TRANSACTION,UTILITIES,VERSION) values (50,'9 8th Lane',2,132123,0,'Bucuresti',2003,'86-(582)934-8145',to_date('06-JAN-16','DD-MON-RR'),'Detached ',2,81,to_date('06-SEP-16','DD-MON-RR'),1,1450,2,67,'house','rent',1,1);
Insert into RALUCA.PF_ANNOUNCEMENTS (ID,ADDRESS,BATHROOMS,BUY_PRICE,CAR_DISPOSAL,CITY,YEAR_OF_CONSTRUCTION,CONTACT_NUMBER,CREATION_DATE,DIVISION,FLOOR,ID_USER,LAST_UPDATE,LEVEL_OF_CONFORT,RENT_PRICE,ROOMS,SURFACE,TYPE_OF_ESTATE,TYPE_OF_TRANSACTION,UTILITIES,VERSION) values (58,'7 Division Drive',2,126325,0,'Bucuresti',2012,'380-(768)510-7119',to_date('23-OCT-16','DD-MON-RR'),'Non-detached',2,81,to_date('18-JUL-16','DD-MON-RR'),1,956,3,100,'house','rent',1,1);
Insert into RALUCA.PF_ANNOUNCEMENTS (ID,ADDRESS,BATHROOMS,BUY_PRICE,CAR_DISPOSAL,CITY,YEAR_OF_CONSTRUCTION,CONTACT_NUMBER,CREATION_DATE,DIVISION,FLOOR,ID_USER,LAST_UPDATE,LEVEL_OF_CONFORT,RENT_PRICE,ROOMS,SURFACE,TYPE_OF_ESTATE,TYPE_OF_TRANSACTION,UTILITIES,VERSION) values (19,'7100 Magdeline Street',2,188748,0,'Bucuresti',2011,'970-(154)509-5475',to_date('27-MAR-16','DD-MON-RR'),' ',2,81,to_date('14-JAN-16','DD-MON-RR'),2,209,0,32,'space','sale',1,1);
Insert into RALUCA.PF_ANNOUNCEMENTS (ID,ADDRESS,BATHROOMS,BUY_PRICE,CAR_DISPOSAL,CITY,YEAR_OF_CONSTRUCTION,CONTACT_NUMBER,CREATION_DATE,DIVISION,FLOOR,ID_USER,LAST_UPDATE,LEVEL_OF_CONFORT,RENT_PRICE,ROOMS,SURFACE,TYPE_OF_ESTATE,TYPE_OF_TRANSACTION,UTILITIES,VERSION) values (31,'16 Pond Place',2,48526,0,'Bucuresti',1983,'86-(755)956-0307',to_date('22-JAN-16','DD-MON-RR'),'Semi-detached',2,81,to_date('09-SEP-16','DD-MON-RR'),2,1215,4,197,'appartment','sale',2,1);
Insert into RALUCA.PF_ANNOUNCEMENTS (ID,ADDRESS,BATHROOMS,BUY_PRICE,CAR_DISPOSAL,CITY,YEAR_OF_CONSTRUCTION,CONTACT_NUMBER,CREATION_DATE,DIVISION,FLOOR,ID_USER,LAST_UPDATE,LEVEL_OF_CONFORT,RENT_PRICE,ROOMS,SURFACE,TYPE_OF_ESTATE,TYPE_OF_TRANSACTION,UTILITIES,VERSION) values (39,'2797 Bartelt Circle',2,30810,0,'Bucuresti',2013,'62-(291)798-7548',to_date('15-NOV-16','DD-MON-RR'),'Semi-detached',3,81,to_date('21-AUG-16','DD-MON-RR'),1,2039,3,130,'house','sale',2,1);
Insert into RALUCA.PF_ANNOUNCEMENTS (ID,ADDRESS,BATHROOMS,BUY_PRICE,CAR_DISPOSAL,CITY,YEAR_OF_CONSTRUCTION,CONTACT_NUMBER,CREATION_DATE,DIVISION,FLOOR,ID_USER,LAST_UPDATE,LEVEL_OF_CONFORT,RENT_PRICE,ROOMS,SURFACE,TYPE_OF_ESTATE,TYPE_OF_TRANSACTION,UTILITIES,VERSION) values (55,'82 Quincy Pass',2,38233,0,'Bucuresti',1992,'86-(792)361-8778',to_date('12-JAN-17','DD-MON-RR'),'Non-detached',2,81,to_date('22-FEB-16','DD-MON-RR'),3,257,2,123,'house','sale',1,1);
Insert into RALUCA.PF_ANNOUNCEMENTS (ID,ADDRESS,BATHROOMS,BUY_PRICE,CAR_DISPOSAL,CITY,YEAR_OF_CONSTRUCTION,CONTACT_NUMBER,CREATION_DATE,DIVISION,FLOOR,ID_USER,LAST_UPDATE,LEVEL_OF_CONFORT,RENT_PRICE,ROOMS,SURFACE,TYPE_OF_ESTATE,TYPE_OF_TRANSACTION,UTILITIES,VERSION) values (421,'47.16468375874907 27.545557022094727',0,0,0,'Iasi',2015,'100000000',to_date('26-MAY-17','DD-MON-RR'),' ',-1,81,to_date('26-MAY-17','DD-MON-RR'),1,150000,0,250,'space','SALE',0,1);
Insert into RALUCA.PF_ANNOUNCEMENTS (ID,ADDRESS,BATHROOMS,BUY_PRICE,CAR_DISPOSAL,CITY,YEAR_OF_CONSTRUCTION,CONTACT_NUMBER,CREATION_DATE,DIVISION,FLOOR,ID_USER,LAST_UPDATE,LEVEL_OF_CONFORT,RENT_PRICE,ROOMS,SURFACE,TYPE_OF_ESTATE,TYPE_OF_TRANSACTION,UTILITIES,VERSION) values (1,'509 Talisman Circle',2,132700,0,'New York',1977,'86-(506)805-3155',to_date('08-FEB-16','DD-MON-RR'),'Detached ',3,81,to_date('13-MAY-17','DD-MON-RR'),3,1647,1,109,'House','Rent',2,1);
Insert into RALUCA.PF_ANNOUNCEMENTS (ID,ADDRESS,BATHROOMS,BUY_PRICE,CAR_DISPOSAL,CITY,YEAR_OF_CONSTRUCTION,CONTACT_NUMBER,CREATION_DATE,DIVISION,FLOOR,ID_USER,LAST_UPDATE,LEVEL_OF_CONFORT,RENT_PRICE,ROOMS,SURFACE,TYPE_OF_ESTATE,TYPE_OF_TRANSACTION,UTILITIES,VERSION) values (5,'9004 Heath Road',1,83384,0,'London',1995,'55-(977)647-2992',to_date('04-JUN-16','DD-MON-RR'),'Detached ',3,81,to_date('06-MAR-16','DD-MON-RR'),1,2160,4,64,'appartment','sale',2,1);
Insert into RALUCA.PF_ANNOUNCEMENTS (ID,ADDRESS,BATHROOMS,BUY_PRICE,CAR_DISPOSAL,CITY,YEAR_OF_CONSTRUCTION,CONTACT_NUMBER,CREATION_DATE,DIVISION,FLOOR,ID_USER,LAST_UPDATE,LEVEL_OF_CONFORT,RENT_PRICE,ROOMS,SURFACE,TYPE_OF_ESTATE,TYPE_OF_TRANSACTION,UTILITIES,VERSION) values (6,'319 Ruskin Pass',1,96046,0,'New York',2010,'86-(248)571-7187',to_date('01-SEP-16','DD-MON-RR'),'Detached ',1,81,to_date('02-FEB-16','DD-MON-RR'),3,471,5,83,'appartment','sale',2,1);
Insert into RALUCA.PF_ANNOUNCEMENTS (ID,ADDRESS,BATHROOMS,BUY_PRICE,CAR_DISPOSAL,CITY,YEAR_OF_CONSTRUCTION,CONTACT_NUMBER,CREATION_DATE,DIVISION,FLOOR,ID_USER,LAST_UPDATE,LEVEL_OF_CONFORT,RENT_PRICE,ROOMS,SURFACE,TYPE_OF_ESTATE,TYPE_OF_TRANSACTION,UTILITIES,VERSION) values (8,'6424 Mesta Court',1,31057,0,'London',1988,'86-(141)661-9964',to_date('18-DEC-16','DD-MON-RR'),'Detached ',2,81,to_date('18-SEP-16','DD-MON-RR'),2,2377,1,79,'appartment','rent',2,1);
Insert into RALUCA.PF_ANNOUNCEMENTS (ID,ADDRESS,BATHROOMS,BUY_PRICE,CAR_DISPOSAL,CITY,YEAR_OF_CONSTRUCTION,CONTACT_NUMBER,CREATION_DATE,DIVISION,FLOOR,ID_USER,LAST_UPDATE,LEVEL_OF_CONFORT,RENT_PRICE,ROOMS,SURFACE,TYPE_OF_ESTATE,TYPE_OF_TRANSACTION,UTILITIES,VERSION) values (9,'614 Bay Lane',1,83658,0,'New York',2004,'62-(869)924-9687',to_date('01-OCT-16','DD-MON-RR'),'Detached ',3,81,to_date('22-JAN-17','DD-MON-RR'),1,1606,3,34,'appartment','sale',3,1);
Insert into RALUCA.PF_ANNOUNCEMENTS (ID,ADDRESS,BATHROOMS,BUY_PRICE,CAR_DISPOSAL,CITY,YEAR_OF_CONSTRUCTION,CONTACT_NUMBER,CREATION_DATE,DIVISION,FLOOR,ID_USER,LAST_UPDATE,LEVEL_OF_CONFORT,RENT_PRICE,ROOMS,SURFACE,TYPE_OF_ESTATE,TYPE_OF_TRANSACTION,UTILITIES,VERSION) values (11,'109 Moland Junction',2,98164,0,'London',1999,'33-(678)159-0280',to_date('01-FEB-16','DD-MON-RR'),'Semi-detached',1,81,to_date('18-AUG-16','DD-MON-RR'),3,477,5,171,'appartment','sale',3,1);
Insert into RALUCA.PF_ANNOUNCEMENTS (ID,ADDRESS,BATHROOMS,BUY_PRICE,CAR_DISPOSAL,CITY,YEAR_OF_CONSTRUCTION,CONTACT_NUMBER,CREATION_DATE,DIVISION,FLOOR,ID_USER,LAST_UPDATE,LEVEL_OF_CONFORT,RENT_PRICE,ROOMS,SURFACE,TYPE_OF_ESTATE,TYPE_OF_TRANSACTION,UTILITIES,VERSION) values (21,'058 Anthes Street',1,106382,0,'New York',1990,'62-(287)592-8086',to_date('19-JUN-16','DD-MON-RR'),' ',3,81,to_date('29-AUG-16','DD-MON-RR'),2,2249,0,116,'space','sale',1,1);
Insert into RALUCA.PF_ANNOUNCEMENTS (ID,ADDRESS,BATHROOMS,BUY_PRICE,CAR_DISPOSAL,CITY,YEAR_OF_CONSTRUCTION,CONTACT_NUMBER,CREATION_DATE,DIVISION,FLOOR,ID_USER,LAST_UPDATE,LEVEL_OF_CONFORT,RENT_PRICE,ROOMS,SURFACE,TYPE_OF_ESTATE,TYPE_OF_TRANSACTION,UTILITIES,VERSION) values (23,'0930 Alpine Avenue',2,197036,0,'London',1995,'1-(385)837-2078',to_date('29-SEP-16','DD-MON-RR'),' ',1,81,to_date('27-JAN-16','DD-MON-RR'),2,1160,0,90,'space','rent',1,1);
Insert into RALUCA.PF_ANNOUNCEMENTS (ID,ADDRESS,BATHROOMS,BUY_PRICE,CAR_DISPOSAL,CITY,YEAR_OF_CONSTRUCTION,CONTACT_NUMBER,CREATION_DATE,DIVISION,FLOOR,ID_USER,LAST_UPDATE,LEVEL_OF_CONFORT,RENT_PRICE,ROOMS,SURFACE,TYPE_OF_ESTATE,TYPE_OF_TRANSACTION,UTILITIES,VERSION) values (27,'089 Parkside Parkway',1,90097,0,'New York',2008,'351-(430)862-2771',to_date('19-OCT-16','DD-MON-RR'),'Detached ',1,81,to_date('02-DEC-16','DD-MON-RR'),3,399,1,54,'house','sale',1,1);
Insert into RALUCA.PF_ANNOUNCEMENTS (ID,ADDRESS,BATHROOMS,BUY_PRICE,CAR_DISPOSAL,CITY,YEAR_OF_CONSTRUCTION,CONTACT_NUMBER,CREATION_DATE,DIVISION,FLOOR,ID_USER,LAST_UPDATE,LEVEL_OF_CONFORT,RENT_PRICE,ROOMS,SURFACE,TYPE_OF_ESTATE,TYPE_OF_TRANSACTION,UTILITIES,VERSION) values (29,'95557 Buell Terrace',1,84065,0,'London',1991,'86-(853)692-6385',to_date('23-JUL-16','DD-MON-RR'),'Semi-detached',2,81,to_date('07-AUG-16','DD-MON-RR'),2,1744,1,57,'appartment','rent',1,1);
Insert into RALUCA.PF_ANNOUNCEMENTS (ID,ADDRESS,BATHROOMS,BUY_PRICE,CAR_DISPOSAL,CITY,YEAR_OF_CONSTRUCTION,CONTACT_NUMBER,CREATION_DATE,DIVISION,FLOOR,ID_USER,LAST_UPDATE,LEVEL_OF_CONFORT,RENT_PRICE,ROOMS,SURFACE,TYPE_OF_ESTATE,TYPE_OF_TRANSACTION,UTILITIES,VERSION) values (36,'99991 Green Ridge Point',2,170361,0,'London',1990,'351-(250)763-4401',to_date('05-FEB-16','DD-MON-RR'),'Semi-detached',3,81,to_date('02-MAY-16','DD-MON-RR'),3,499,3,190,'house','rent',2,1);
Insert into RALUCA.PF_ANNOUNCEMENTS (ID,ADDRESS,BATHROOMS,BUY_PRICE,CAR_DISPOSAL,CITY,YEAR_OF_CONSTRUCTION,CONTACT_NUMBER,CREATION_DATE,DIVISION,FLOOR,ID_USER,LAST_UPDATE,LEVEL_OF_CONFORT,RENT_PRICE,ROOMS,SURFACE,TYPE_OF_ESTATE,TYPE_OF_TRANSACTION,UTILITIES,VERSION) values (41,'8521 Carberry Drive',1,44761,0,'London',1988,'54-(227)317-3874',to_date('19-JUN-16','DD-MON-RR'),' ',2,81,to_date('27-NOV-16','DD-MON-RR'),1,2068,0,121,'space','sale',2,1);
Insert into RALUCA.PF_ANNOUNCEMENTS (ID,ADDRESS,BATHROOMS,BUY_PRICE,CAR_DISPOSAL,CITY,YEAR_OF_CONSTRUCTION,CONTACT_NUMBER,CREATION_DATE,DIVISION,FLOOR,ID_USER,LAST_UPDATE,LEVEL_OF_CONFORT,RENT_PRICE,ROOMS,SURFACE,TYPE_OF_ESTATE,TYPE_OF_TRANSACTION,UTILITIES,VERSION) values (43,'46 Hoffman Terrace',1,114334,0,'London',1996,'86-(766)390-1307',to_date('24-MAR-16','DD-MON-RR'),' ',1,81,to_date('10-NOV-16','DD-MON-RR'),2,907,0,144,'space','sale',3,1);
Insert into RALUCA.PF_ANNOUNCEMENTS (ID,ADDRESS,BATHROOMS,BUY_PRICE,CAR_DISPOSAL,CITY,YEAR_OF_CONSTRUCTION,CONTACT_NUMBER,CREATION_DATE,DIVISION,FLOOR,ID_USER,LAST_UPDATE,LEVEL_OF_CONFORT,RENT_PRICE,ROOMS,SURFACE,TYPE_OF_ESTATE,TYPE_OF_TRANSACTION,UTILITIES,VERSION) values (45,'3 Huxley Alley',2,40040,0,'London',2009,'30-(859)914-0285',to_date('15-AUG-16','DD-MON-RR'),' ',2,81,to_date('18-FEB-16','DD-MON-RR'),2,241,0,178,'space','sale',3,1);
Insert into RALUCA.PF_ANNOUNCEMENTS (ID,ADDRESS,BATHROOMS,BUY_PRICE,CAR_DISPOSAL,CITY,YEAR_OF_CONSTRUCTION,CONTACT_NUMBER,CREATION_DATE,DIVISION,FLOOR,ID_USER,LAST_UPDATE,LEVEL_OF_CONFORT,RENT_PRICE,ROOMS,SURFACE,TYPE_OF_ESTATE,TYPE_OF_TRANSACTION,UTILITIES,VERSION) values (47,'842 Mallard Plaza',1,63672,0,'New York',1994,'48-(329)779-0852',to_date('12-AUG-16','DD-MON-RR'),'Detached ',1,81,to_date('07-DEC-16','DD-MON-RR'),2,2730,4,193,'house','sale',1,1);
Insert into RALUCA.PF_ANNOUNCEMENTS (ID,ADDRESS,BATHROOMS,BUY_PRICE,CAR_DISPOSAL,CITY,YEAR_OF_CONSTRUCTION,CONTACT_NUMBER,CREATION_DATE,DIVISION,FLOOR,ID_USER,LAST_UPDATE,LEVEL_OF_CONFORT,RENT_PRICE,ROOMS,SURFACE,TYPE_OF_ESTATE,TYPE_OF_TRANSACTION,UTILITIES,VERSION) values (49,'4 Service Hill',1,119064,0,'London',1996,'86-(796)706-3149',to_date('12-JAN-17','DD-MON-RR'),'Detached ',3,81,to_date('25-OCT-16','DD-MON-RR'),1,1294,2,121,'house','rent',1,1);
Insert into RALUCA.PF_ANNOUNCEMENTS (ID,ADDRESS,BATHROOMS,BUY_PRICE,CAR_DISPOSAL,CITY,YEAR_OF_CONSTRUCTION,CONTACT_NUMBER,CREATION_DATE,DIVISION,FLOOR,ID_USER,LAST_UPDATE,LEVEL_OF_CONFORT,RENT_PRICE,ROOMS,SURFACE,TYPE_OF_ESTATE,TYPE_OF_TRANSACTION,UTILITIES,VERSION) values (52,'32746 Holy Cross Park',1,63405,-1,'London',1993,'389-(301)514-5499',to_date('27-JUL-16','DD-MON-RR'),'Non-detached',2,81,to_date('27-MAY-17','DD-MON-RR'),1,0,4,41,'house','sale',1,3);
Insert into RALUCA.PF_ANNOUNCEMENTS (ID,ADDRESS,BATHROOMS,BUY_PRICE,CAR_DISPOSAL,CITY,YEAR_OF_CONSTRUCTION,CONTACT_NUMBER,CREATION_DATE,DIVISION,FLOOR,ID_USER,LAST_UPDATE,LEVEL_OF_CONFORT,RENT_PRICE,ROOMS,SURFACE,TYPE_OF_ESTATE,TYPE_OF_TRANSACTION,UTILITIES,VERSION) values (54,'004 Burning Wood Drive',2,73671,-1,'London',2012,'385-(915)735-2915',to_date('09-JUN-16','DD-MON-RR'),'Non-detached',3,81,to_date('27-MAY-17','DD-MON-RR'),2,0,2,54,'house','sale',1,2);
Insert into RALUCA.PF_ANNOUNCEMENTS (ID,ADDRESS,BATHROOMS,BUY_PRICE,CAR_DISPOSAL,CITY,YEAR_OF_CONSTRUCTION,CONTACT_NUMBER,CREATION_DATE,DIVISION,FLOOR,ID_USER,LAST_UPDATE,LEVEL_OF_CONFORT,RENT_PRICE,ROOMS,SURFACE,TYPE_OF_ESTATE,TYPE_OF_TRANSACTION,UTILITIES,VERSION) values (57,'1098 Birchwood Street',2,145934,-1,'New York',1990,'86-(764)811-4967',to_date('18-APR-16','DD-MON-RR'),'Non-detached',1,81,to_date('27-MAY-17','DD-MON-RR'),3,0,4,65,'house','sale',1,2);
Insert into RALUCA.PF_ANNOUNCEMENTS (ID,ADDRESS,BATHROOMS,BUY_PRICE,CAR_DISPOSAL,CITY,YEAR_OF_CONSTRUCTION,CONTACT_NUMBER,CREATION_DATE,DIVISION,FLOOR,ID_USER,LAST_UPDATE,LEVEL_OF_CONFORT,RENT_PRICE,ROOMS,SURFACE,TYPE_OF_ESTATE,TYPE_OF_TRANSACTION,UTILITIES,VERSION) values (59,'616 Fremont Court',2,153385,2,'New York',1987,'86-(506)405-6975',to_date('07-MAY-16','DD-MON-RR'),'Non-detached',3,81,to_date('27-MAY-17','DD-MON-RR'),3,0,4,100,'house','sale',1,2);
Insert into RALUCA.PF_ANNOUNCEMENTS (ID,ADDRESS,BATHROOMS,BUY_PRICE,CAR_DISPOSAL,CITY,YEAR_OF_CONSTRUCTION,CONTACT_NUMBER,CREATION_DATE,DIVISION,FLOOR,ID_USER,LAST_UPDATE,LEVEL_OF_CONFORT,RENT_PRICE,ROOMS,SURFACE,TYPE_OF_ESTATE,TYPE_OF_TRANSACTION,UTILITIES,VERSION) values (46,'8 Hazelcrest Park',1,172498,-1,'London',2009,'223-(412)279-4485',to_date('15-NOV-16','DD-MON-RR'),' ',2,81,to_date('27-MAY-17','DD-MON-RR'),3,0,0,188,'space','sale',1,2);
REM INSERTING into RALUCA.PF_ATTACHEMENTS
SET DEFINE OFF;
Insert into RALUCA.PF_ATTACHEMENTS (ID,TYPE_OF_ATTACHEMENT,PATH_TO_FILE,ID_ANNOUNCEMENT,IMAGE_NAME) values (615,2,'C:\upload\iconFriMay26234717EEST2017.jpg',26,'iconFriMay26234717EEST2017.jpg');
Insert into RALUCA.PF_ATTACHEMENTS (ID,TYPE_OF_ATTACHEMENT,PATH_TO_FILE,ID_ANNOUNCEMENT,IMAGE_NAME) values (600,2,'C:\upload\iconFriMay26224803EEST2017.jpg',2,'iconFriMay26224803EEST2017.jpg');
Insert into RALUCA.PF_ATTACHEMENTS (ID,TYPE_OF_ATTACHEMENT,PATH_TO_FILE,ID_ANNOUNCEMENT,IMAGE_NAME) values (300,2,'C:\upload\SatMay20070958EEST2017.jpg',299,'SatMay20070958EEST2017.jpg');
Insert into RALUCA.PF_ATTACHEMENTS (ID,TYPE_OF_ATTACHEMENT,PATH_TO_FILE,ID_ANNOUNCEMENT,IMAGE_NAME) values (616,2,'C:\upload\iconFriMay26234723EEST2017.jpg',26,'iconFriMay26234723EEST2017.jpg');
Insert into RALUCA.PF_ATTACHEMENTS (ID,TYPE_OF_ATTACHEMENT,PATH_TO_FILE,ID_ANNOUNCEMENT,IMAGE_NAME) values (422,2,'C:\upload\FriMay26221127EEST2017.jpg',421,'FriMay26221127EEST2017.jpg');
Insert into RALUCA.PF_ATTACHEMENTS (ID,TYPE_OF_ATTACHEMENT,PATH_TO_FILE,ID_ANNOUNCEMENT,IMAGE_NAME) values (607,2,'C:\upload\iconSatMay27115447EEST2017.jpg',7,'iconSatMay27115447EEST2017.jpg');
Insert into RALUCA.PF_ATTACHEMENTS (ID,TYPE_OF_ATTACHEMENT,PATH_TO_FILE,ID_ANNOUNCEMENT,IMAGE_NAME) values (608,2,'C:\upload\iconFriMay26230842EEST2017.jpg',12,'iconFriMay26230842EEST2017.jpg');
Insert into RALUCA.PF_ATTACHEMENTS (ID,TYPE_OF_ATTACHEMENT,PATH_TO_FILE,ID_ANNOUNCEMENT,IMAGE_NAME) values (601,2,'C:\upload\iconSatMay27115337EEST2017.jpg',3,'iconSatMay27115337EEST2017.jpg');
Insert into RALUCA.PF_ATTACHEMENTS (ID,TYPE_OF_ATTACHEMENT,PATH_TO_FILE,ID_ANNOUNCEMENT,IMAGE_NAME) values (602,2,'C:\upload\iconSatMay27115341EEST2017.jpg',3,'iconSatMay27115341EEST2017.jpg');
Insert into RALUCA.PF_ATTACHEMENTS (ID,TYPE_OF_ATTACHEMENT,PATH_TO_FILE,ID_ANNOUNCEMENT,IMAGE_NAME) values (603,2,'C:\upload\iconSatMay27115335EEST2017.jpg',3,'iconSatMay27115335EEST2017.jpg');
Insert into RALUCA.PF_ATTACHEMENTS (ID,TYPE_OF_ATTACHEMENT,PATH_TO_FILE,ID_ANNOUNCEMENT,IMAGE_NAME) values (604,2,'C:\upload\iconSatMay27115418EEST2017.jpg',4,'iconSatMay27115418EEST2017.jpg');
Insert into RALUCA.PF_ATTACHEMENTS (ID,TYPE_OF_ATTACHEMENT,PATH_TO_FILE,ID_ANNOUNCEMENT,IMAGE_NAME) values (605,2,'C:\upload\iconSatMay27115416EEST2017.jpg',4,'iconSatMay27115416EEST2017.jpg');
Insert into RALUCA.PF_ATTACHEMENTS (ID,TYPE_OF_ATTACHEMENT,PATH_TO_FILE,ID_ANNOUNCEMENT,IMAGE_NAME) values (606,2,'C:\upload\iconFriMay26225442EEST2017.jpg',7,'iconFriMay26225442EEST2017.jpg');
Insert into RALUCA.PF_ATTACHEMENTS (ID,TYPE_OF_ATTACHEMENT,PATH_TO_FILE,ID_ANNOUNCEMENT,IMAGE_NAME) values (609,2,'C:\upload\iconSatMay27115526EEST2017.jpg',20,'iconSatMay27115526EEST2017.jpg');
Insert into RALUCA.PF_ATTACHEMENTS (ID,TYPE_OF_ATTACHEMENT,PATH_TO_FILE,ID_ANNOUNCEMENT,IMAGE_NAME) values (610,2,'C:\upload\iconSatMay27115530EEST2017.jpg',20,'iconSatMay27115530EEST2017.jpg');
Insert into RALUCA.PF_ATTACHEMENTS (ID,TYPE_OF_ATTACHEMENT,PATH_TO_FILE,ID_ANNOUNCEMENT,IMAGE_NAME) values (611,2,'C:\upload\iconFriMay26232201EEST2017.jpg',20,'iconFriMay26232201EEST2017.jpg');
Insert into RALUCA.PF_ATTACHEMENTS (ID,TYPE_OF_ATTACHEMENT,PATH_TO_FILE,ID_ANNOUNCEMENT,IMAGE_NAME) values (612,2,'C:\upload\iconFriMay26232158EEST2017.jpg',20,'iconFriMay26232158EEST2017.jpg');
Insert into RALUCA.PF_ATTACHEMENTS (ID,TYPE_OF_ATTACHEMENT,PATH_TO_FILE,ID_ANNOUNCEMENT,IMAGE_NAME) values (613,2,'C:\upload\iconSatMay27115532EEST2017.jpg',20,'iconSatMay27115532EEST2017.jpg');
Insert into RALUCA.PF_ATTACHEMENTS (ID,TYPE_OF_ATTACHEMENT,PATH_TO_FILE,ID_ANNOUNCEMENT,IMAGE_NAME) values (614,2,'C:\upload\iconSatMay27115628EEST2017.jpg',26,'iconSatMay27115628EEST2017.jpg');
Insert into RALUCA.PF_ATTACHEMENTS (ID,TYPE_OF_ATTACHEMENT,PATH_TO_FILE,ID_ANNOUNCEMENT,IMAGE_NAME) values (617,2,'C:\upload\iconSatMay27115630EEST2017.jpg',26,'iconSatMay27115630EEST2017.jpg');
Insert into RALUCA.PF_ATTACHEMENTS (ID,TYPE_OF_ATTACHEMENT,PATH_TO_FILE,ID_ANNOUNCEMENT,IMAGE_NAME) values (618,2,'C:\upload\iconSatMay27115626EEST2017.jpg',26,'iconSatMay27115626EEST2017.jpg');
Insert into RALUCA.PF_ATTACHEMENTS (ID,TYPE_OF_ATTACHEMENT,PATH_TO_FILE,ID_ANNOUNCEMENT,IMAGE_NAME) values (619,2,'C:\upload\iconSatMay27115711EEST2017.jpg',48,'iconSatMay27115711EEST2017.jpg');
Insert into RALUCA.PF_ATTACHEMENTS (ID,TYPE_OF_ATTACHEMENT,PATH_TO_FILE,ID_ANNOUNCEMENT,IMAGE_NAME) values (620,2,'C:\upload\iconSatMay27115705EEST2017.jpg',48,'iconSatMay27115705EEST2017.jpg');
Insert into RALUCA.PF_ATTACHEMENTS (ID,TYPE_OF_ATTACHEMENT,PATH_TO_FILE,ID_ANNOUNCEMENT,IMAGE_NAME) values (621,2,'C:\upload\iconSatMay27115702EEST2017.jpg',48,'iconSatMay27115702EEST2017.jpg');
Insert into RALUCA.PF_ATTACHEMENTS (ID,TYPE_OF_ATTACHEMENT,PATH_TO_FILE,ID_ANNOUNCEMENT,IMAGE_NAME) values (622,2,'C:\upload\iconSatMay27115730EEST2017.jpg',28,'iconSatMay27115730EEST2017.jpg');
Insert into RALUCA.PF_ATTACHEMENTS (ID,TYPE_OF_ATTACHEMENT,PATH_TO_FILE,ID_ANNOUNCEMENT,IMAGE_NAME) values (623,2,'C:\upload\iconSatMay27115735EEST2017.jpg',28,'iconSatMay27115735EEST2017.jpg');
Insert into RALUCA.PF_ATTACHEMENTS (ID,TYPE_OF_ATTACHEMENT,PATH_TO_FILE,ID_ANNOUNCEMENT,IMAGE_NAME) values (624,2,'C:\upload\iconSatMay27115734EEST2017.jpg',28,'iconSatMay27115734EEST2017.jpg');
Insert into RALUCA.PF_ATTACHEMENTS (ID,TYPE_OF_ATTACHEMENT,PATH_TO_FILE,ID_ANNOUNCEMENT,IMAGE_NAME) values (625,2,'C:\upload\iconSatMay27115732EEST2017.jpg',28,'iconSatMay27115732EEST2017.jpg');
Insert into RALUCA.PF_ATTACHEMENTS (ID,TYPE_OF_ATTACHEMENT,PATH_TO_FILE,ID_ANNOUNCEMENT,IMAGE_NAME) values (626,2,'C:\upload\iconSatMay27131612EEST2017.jpg',37,'iconSatMay27131612EEST2017.jpg');
Insert into RALUCA.PF_ATTACHEMENTS (ID,TYPE_OF_ATTACHEMENT,PATH_TO_FILE,ID_ANNOUNCEMENT,IMAGE_NAME) values (627,2,'C:\upload\iconSatMay27131606EEST2017.jpg',37,'iconSatMay27131606EEST2017.jpg');
Insert into RALUCA.PF_ATTACHEMENTS (ID,TYPE_OF_ATTACHEMENT,PATH_TO_FILE,ID_ANNOUNCEMENT,IMAGE_NAME) values (628,2,'C:\upload\iconSatMay27131610EEST2017.jpg',37,'iconSatMay27131610EEST2017.jpg');
Insert into RALUCA.PF_ATTACHEMENTS (ID,TYPE_OF_ATTACHEMENT,PATH_TO_FILE,ID_ANNOUNCEMENT,IMAGE_NAME) values (629,2,'C:\upload\iconSatMay27131609EEST2017.jpg',37,'iconSatMay27131609EEST2017.jpg');
Insert into RALUCA.PF_ATTACHEMENTS (ID,TYPE_OF_ATTACHEMENT,PATH_TO_FILE,ID_ANNOUNCEMENT,IMAGE_NAME) values (630,2,'C:\upload\iconSatMay27131656EEST2017.jpg',54,'iconSatMay27131656EEST2017.jpg');
Insert into RALUCA.PF_ATTACHEMENTS (ID,TYPE_OF_ATTACHEMENT,PATH_TO_FILE,ID_ANNOUNCEMENT,IMAGE_NAME) values (631,2,'C:\upload\iconSatMay27131705EEST2017.jpg',54,'iconSatMay27131705EEST2017.jpg');
Insert into RALUCA.PF_ATTACHEMENTS (ID,TYPE_OF_ATTACHEMENT,PATH_TO_FILE,ID_ANNOUNCEMENT,IMAGE_NAME) values (632,2,'C:\upload\iconSatMay27131704EEST2017.jpg',54,'iconSatMay27131704EEST2017.jpg');
Insert into RALUCA.PF_ATTACHEMENTS (ID,TYPE_OF_ATTACHEMENT,PATH_TO_FILE,ID_ANNOUNCEMENT,IMAGE_NAME) values (633,2,'C:\upload\iconSatMay27131651EEST2017.jpg',54,'iconSatMay27131651EEST2017.jpg');
Insert into RALUCA.PF_ATTACHEMENTS (ID,TYPE_OF_ATTACHEMENT,PATH_TO_FILE,ID_ANNOUNCEMENT,IMAGE_NAME) values (455,2,'C:\upload\iconFriMay26230934EEST2017.jpg',14,'iconFriMay26230934EEST2017.jpg');
Insert into RALUCA.PF_ATTACHEMENTS (ID,TYPE_OF_ATTACHEMENT,PATH_TO_FILE,ID_ANNOUNCEMENT,IMAGE_NAME) values (456,2,'C:\upload\iconFriMay26230938EEST2017.jpg',14,'iconFriMay26230938EEST2017.jpg');
Insert into RALUCA.PF_ATTACHEMENTS (ID,TYPE_OF_ATTACHEMENT,PATH_TO_FILE,ID_ANNOUNCEMENT,IMAGE_NAME) values (457,2,'C:\upload\iconFriMay26230939EEST2017.jpg',14,'iconFriMay26230939EEST2017.jpg');
Insert into RALUCA.PF_ATTACHEMENTS (ID,TYPE_OF_ATTACHEMENT,PATH_TO_FILE,ID_ANNOUNCEMENT,IMAGE_NAME) values (458,2,'C:\upload\iconFriMay26230936EEST2017.jpg',14,'iconFriMay26230936EEST2017.jpg');
Insert into RALUCA.PF_ATTACHEMENTS (ID,TYPE_OF_ATTACHEMENT,PATH_TO_FILE,ID_ANNOUNCEMENT,IMAGE_NAME) values (634,2,'C:\upload\iconSatMay27131702EEST2017.jpg',54,'iconSatMay27131702EEST2017.jpg');
Insert into RALUCA.PF_ATTACHEMENTS (ID,TYPE_OF_ATTACHEMENT,PATH_TO_FILE,ID_ANNOUNCEMENT,IMAGE_NAME) values (635,2,'C:\upload\iconSatMay27131707EEST2017.jpg',54,'iconSatMay27131707EEST2017.jpg');
Insert into RALUCA.PF_ATTACHEMENTS (ID,TYPE_OF_ATTACHEMENT,PATH_TO_FILE,ID_ANNOUNCEMENT,IMAGE_NAME) values (636,2,'C:\upload\iconSatMay27133348EEST2017.jpg',51,'iconSatMay27133348EEST2017.jpg');
Insert into RALUCA.PF_ATTACHEMENTS (ID,TYPE_OF_ATTACHEMENT,PATH_TO_FILE,ID_ANNOUNCEMENT,IMAGE_NAME) values (637,2,'C:\upload\iconSatMay27133346EEST2017.jpg',51,'iconSatMay27133346EEST2017.jpg');
Insert into RALUCA.PF_ATTACHEMENTS (ID,TYPE_OF_ATTACHEMENT,PATH_TO_FILE,ID_ANNOUNCEMENT,IMAGE_NAME) values (463,2,'C:\upload\iconFriMay26231034EEST2017.jpg',17,'iconFriMay26231034EEST2017.jpg');
Insert into RALUCA.PF_ATTACHEMENTS (ID,TYPE_OF_ATTACHEMENT,PATH_TO_FILE,ID_ANNOUNCEMENT,IMAGE_NAME) values (464,2,'C:\upload\iconFriMay26231038EEST2017.jpg',17,'iconFriMay26231038EEST2017.jpg');
Insert into RALUCA.PF_ATTACHEMENTS (ID,TYPE_OF_ATTACHEMENT,PATH_TO_FILE,ID_ANNOUNCEMENT,IMAGE_NAME) values (465,2,'C:\upload\iconFriMay26231032EEST2017.jpg',17,'iconFriMay26231032EEST2017.jpg');
Insert into RALUCA.PF_ATTACHEMENTS (ID,TYPE_OF_ATTACHEMENT,PATH_TO_FILE,ID_ANNOUNCEMENT,IMAGE_NAME) values (466,2,'C:\upload\iconFriMay26231036EEST2017.jpg',17,'iconFriMay26231036EEST2017.jpg');
Insert into RALUCA.PF_ATTACHEMENTS (ID,TYPE_OF_ATTACHEMENT,PATH_TO_FILE,ID_ANNOUNCEMENT,IMAGE_NAME) values (638,2,'C:\upload\iconSatMay27133413EEST2017.jpg',52,'iconSatMay27133413EEST2017.jpg');
Insert into RALUCA.PF_ATTACHEMENTS (ID,TYPE_OF_ATTACHEMENT,PATH_TO_FILE,ID_ANNOUNCEMENT,IMAGE_NAME) values (639,2,'C:\upload\iconSatMay27133412EEST2017.jpg',52,'iconSatMay27133412EEST2017.jpg');
Insert into RALUCA.PF_ATTACHEMENTS (ID,TYPE_OF_ATTACHEMENT,PATH_TO_FILE,ID_ANNOUNCEMENT,IMAGE_NAME) values (525,2,'C:\upload\iconFriMay26234705EEST2017.jpg',56,'iconFriMay26234705EEST2017.jpg');
Insert into RALUCA.PF_ATTACHEMENTS (ID,TYPE_OF_ATTACHEMENT,PATH_TO_FILE,ID_ANNOUNCEMENT,IMAGE_NAME) values (640,2,'C:\upload\iconSatMay27133417EEST2017.jpg',52,'iconSatMay27133417EEST2017.jpg');
Insert into RALUCA.PF_ATTACHEMENTS (ID,TYPE_OF_ATTACHEMENT,PATH_TO_FILE,ID_ANNOUNCEMENT,IMAGE_NAME) values (641,2,'C:\upload\iconSatMay27133415EEST2017.jpg',52,'iconSatMay27133415EEST2017.jpg');
Insert into RALUCA.PF_ATTACHEMENTS (ID,TYPE_OF_ATTACHEMENT,PATH_TO_FILE,ID_ANNOUNCEMENT,IMAGE_NAME) values (526,2,'C:\upload\iconFriMay26234702EEST2017.jpg',56,'iconFriMay26234702EEST2017.jpg');
Insert into RALUCA.PF_ATTACHEMENTS (ID,TYPE_OF_ATTACHEMENT,PATH_TO_FILE,ID_ANNOUNCEMENT,IMAGE_NAME) values (520,2,'C:\upload\iconFriMay26234536EEST2017.jpg',283,'iconFriMay26234536EEST2017.jpg');
Insert into RALUCA.PF_ATTACHEMENTS (ID,TYPE_OF_ATTACHEMENT,PATH_TO_FILE,ID_ANNOUNCEMENT,IMAGE_NAME) values (527,2,'C:\upload\iconFriMay26234704EEST2017.jpg',56,'iconFriMay26234704EEST2017.jpg');
Insert into RALUCA.PF_ATTACHEMENTS (ID,TYPE_OF_ATTACHEMENT,PATH_TO_FILE,ID_ANNOUNCEMENT,IMAGE_NAME) values (528,2,'C:\upload\iconFriMay26234707EEST2017.jpg',56,'iconFriMay26234707EEST2017.jpg');
Insert into RALUCA.PF_ATTACHEMENTS (ID,TYPE_OF_ATTACHEMENT,PATH_TO_FILE,ID_ANNOUNCEMENT,IMAGE_NAME) values (533,2,'C:\upload\iconSatMay27111559EEST2017.jpg',33,'iconSatMay27111559EEST2017.jpg');
Insert into RALUCA.PF_ATTACHEMENTS (ID,TYPE_OF_ATTACHEMENT,PATH_TO_FILE,ID_ANNOUNCEMENT,IMAGE_NAME) values (534,2,'C:\upload\iconSatMay27111601EEST2017.jpg',33,'iconSatMay27111601EEST2017.jpg');
Insert into RALUCA.PF_ATTACHEMENTS (ID,TYPE_OF_ATTACHEMENT,PATH_TO_FILE,ID_ANNOUNCEMENT,IMAGE_NAME) values (535,2,'C:\upload\iconSatMay27111556EEST2017.jpg',33,'iconSatMay27111556EEST2017.jpg');
Insert into RALUCA.PF_ATTACHEMENTS (ID,TYPE_OF_ATTACHEMENT,PATH_TO_FILE,ID_ANNOUNCEMENT,IMAGE_NAME) values (536,2,'C:\upload\iconSatMay27111603EEST2017.jpg',33,'iconSatMay27111603EEST2017.jpg');
Insert into RALUCA.PF_ATTACHEMENTS (ID,TYPE_OF_ATTACHEMENT,PATH_TO_FILE,ID_ANNOUNCEMENT,IMAGE_NAME) values (537,2,'C:\upload\iconSatMay27111658EEST2017.jpg',35,'iconSatMay27111658EEST2017.jpg');
Insert into RALUCA.PF_ATTACHEMENTS (ID,TYPE_OF_ATTACHEMENT,PATH_TO_FILE,ID_ANNOUNCEMENT,IMAGE_NAME) values (538,2,'C:\upload\iconSatMay27111701EEST2017.jpg',35,'iconSatMay27111701EEST2017.jpg');
Insert into RALUCA.PF_ATTACHEMENTS (ID,TYPE_OF_ATTACHEMENT,PATH_TO_FILE,ID_ANNOUNCEMENT,IMAGE_NAME) values (539,2,'C:\upload\iconSatMay27111656EEST2017.jpg',35,'iconSatMay27111656EEST2017.jpg');
Insert into RALUCA.PF_ATTACHEMENTS (ID,TYPE_OF_ATTACHEMENT,PATH_TO_FILE,ID_ANNOUNCEMENT,IMAGE_NAME) values (540,2,'C:\upload\iconSatMay27111700EEST2017.jpg',35,'iconSatMay27111700EEST2017.jpg');
Insert into RALUCA.PF_ATTACHEMENTS (ID,TYPE_OF_ATTACHEMENT,PATH_TO_FILE,ID_ANNOUNCEMENT,IMAGE_NAME) values (541,2,'C:\upload\iconSatMay27111753EEST2017.jpg',46,'iconSatMay27111753EEST2017.jpg');
Insert into RALUCA.PF_ATTACHEMENTS (ID,TYPE_OF_ATTACHEMENT,PATH_TO_FILE,ID_ANNOUNCEMENT,IMAGE_NAME) values (542,2,'C:\upload\iconSatMay27111751EEST2017.jpg',46,'iconSatMay27111751EEST2017.jpg');
Insert into RALUCA.PF_ATTACHEMENTS (ID,TYPE_OF_ATTACHEMENT,PATH_TO_FILE,ID_ANNOUNCEMENT,IMAGE_NAME) values (543,2,'C:\upload\iconSatMay27111750EEST2017.jpg',46,'iconSatMay27111750EEST2017.jpg');
Insert into RALUCA.PF_ATTACHEMENTS (ID,TYPE_OF_ATTACHEMENT,PATH_TO_FILE,ID_ANNOUNCEMENT,IMAGE_NAME) values (544,2,'C:\upload\iconSatMay27111748EEST2017.jpg',46,'iconSatMay27111748EEST2017.jpg');
Insert into RALUCA.PF_ATTACHEMENTS (ID,TYPE_OF_ATTACHEMENT,PATH_TO_FILE,ID_ANNOUNCEMENT,IMAGE_NAME) values (545,2,'C:\upload\iconSatMay27112035EEST2017.jpg',59,'iconSatMay27112035EEST2017.jpg');
Insert into RALUCA.PF_ATTACHEMENTS (ID,TYPE_OF_ATTACHEMENT,PATH_TO_FILE,ID_ANNOUNCEMENT,IMAGE_NAME) values (546,2,'C:\upload\iconSatMay27112032EEST2017.jpg',59,'iconSatMay27112032EEST2017.jpg');
Insert into RALUCA.PF_ATTACHEMENTS (ID,TYPE_OF_ATTACHEMENT,PATH_TO_FILE,ID_ANNOUNCEMENT,IMAGE_NAME) values (547,2,'C:\upload\iconSatMay27112038EEST2017.jpg',59,'iconSatMay27112038EEST2017.jpg');
Insert into RALUCA.PF_ATTACHEMENTS (ID,TYPE_OF_ATTACHEMENT,PATH_TO_FILE,ID_ANNOUNCEMENT,IMAGE_NAME) values (548,2,'C:\upload\iconSatMay27112033EEST2017.jpg',59,'iconSatMay27112033EEST2017.jpg');
Insert into RALUCA.PF_ATTACHEMENTS (ID,TYPE_OF_ATTACHEMENT,PATH_TO_FILE,ID_ANNOUNCEMENT,IMAGE_NAME) values (549,2,'C:\upload\iconSatMay27112900EEST2017.jpg',57,'iconSatMay27112900EEST2017.jpg');
Insert into RALUCA.PF_ATTACHEMENTS (ID,TYPE_OF_ATTACHEMENT,PATH_TO_FILE,ID_ANNOUNCEMENT,IMAGE_NAME) values (550,2,'C:\upload\iconSatMay27112904EEST2017.jpg',57,'iconSatMay27112904EEST2017.jpg');
Insert into RALUCA.PF_ATTACHEMENTS (ID,TYPE_OF_ATTACHEMENT,PATH_TO_FILE,ID_ANNOUNCEMENT,IMAGE_NAME) values (551,2,'C:\upload\iconSatMay27112902EEST2017.jpg',57,'iconSatMay27112902EEST2017.jpg');
Insert into RALUCA.PF_ATTACHEMENTS (ID,TYPE_OF_ATTACHEMENT,PATH_TO_FILE,ID_ANNOUNCEMENT,IMAGE_NAME) values (552,2,'C:\upload\iconSatMay27112923EEST2017.jpg',34,'iconSatMay27112923EEST2017.jpg');
Insert into RALUCA.PF_ATTACHEMENTS (ID,TYPE_OF_ATTACHEMENT,PATH_TO_FILE,ID_ANNOUNCEMENT,IMAGE_NAME) values (553,2,'C:\upload\iconSatMay27112925EEST2017.jpg',34,'iconSatMay27112925EEST2017.jpg');
Insert into RALUCA.PF_ATTACHEMENTS (ID,TYPE_OF_ATTACHEMENT,PATH_TO_FILE,ID_ANNOUNCEMENT,IMAGE_NAME) values (554,2,'C:\upload\iconSatMay27112928EEST2017.jpg',34,'iconSatMay27112928EEST2017.jpg');
Insert into RALUCA.PF_ATTACHEMENTS (ID,TYPE_OF_ATTACHEMENT,PATH_TO_FILE,ID_ANNOUNCEMENT,IMAGE_NAME) values (555,2,'C:\upload\iconSatMay27112921EEST2017.jpg',34,'iconSatMay27112921EEST2017.jpg');
Insert into RALUCA.PF_ATTACHEMENTS (ID,TYPE_OF_ATTACHEMENT,PATH_TO_FILE,ID_ANNOUNCEMENT,IMAGE_NAME) values (572,2,'C:\upload\iconFriMay26231739EEST2017.jpg',350,'iconFriMay26231739EEST2017.jpg');
Insert into RALUCA.PF_ATTACHEMENTS (ID,TYPE_OF_ATTACHEMENT,PATH_TO_FILE,ID_ANNOUNCEMENT,IMAGE_NAME) values (573,2,'C:\upload\iconSatMay27114744EEST2017.jpg',281,'iconSatMay27114744EEST2017.jpg');
Insert into RALUCA.PF_ATTACHEMENTS (ID,TYPE_OF_ATTACHEMENT,PATH_TO_FILE,ID_ANNOUNCEMENT,IMAGE_NAME) values (574,2,'C:\upload\iconSatMay27114748EEST2017.jpg',281,'iconSatMay27114748EEST2017.jpg');
Insert into RALUCA.PF_ATTACHEMENTS (ID,TYPE_OF_ATTACHEMENT,PATH_TO_FILE,ID_ANNOUNCEMENT,IMAGE_NAME) values (585,2,'C:\upload\iconSatMay27114852EEST2017.jpg',61,'iconSatMay27114852EEST2017.jpg');
Insert into RALUCA.PF_ATTACHEMENTS (ID,TYPE_OF_ATTACHEMENT,PATH_TO_FILE,ID_ANNOUNCEMENT,IMAGE_NAME) values (586,2,'C:\upload\iconSatMay27114458EEST2017.jpg',61,'iconSatMay27114458EEST2017.jpg');
Insert into RALUCA.PF_ATTACHEMENTS (ID,TYPE_OF_ATTACHEMENT,PATH_TO_FILE,ID_ANNOUNCEMENT,IMAGE_NAME) values (575,2,'C:\upload\iconSatMay27114743EEST2017.jpg',281,'iconSatMay27114743EEST2017.jpg');
Insert into RALUCA.PF_ATTACHEMENTS (ID,TYPE_OF_ATTACHEMENT,PATH_TO_FILE,ID_ANNOUNCEMENT,IMAGE_NAME) values (594,2,'C:\upload\iconFriMay26230934EEST2017.jpg',15,'iconFriMay26230934EEST2017.jpg');
Insert into RALUCA.PF_ATTACHEMENTS (ID,TYPE_OF_ATTACHEMENT,PATH_TO_FILE,ID_ANNOUNCEMENT,IMAGE_NAME) values (576,2,'C:\upload\iconSatMay27114751EEST2017.jpg',281,'iconSatMay27114751EEST2017.jpg');
Insert into RALUCA.PF_ATTACHEMENTS (ID,TYPE_OF_ATTACHEMENT,PATH_TO_FILE,ID_ANNOUNCEMENT,IMAGE_NAME) values (577,2,'C:\upload\iconSatMay27114741EEST2017.jpg',281,'iconSatMay27114741EEST2017.jpg');
Insert into RALUCA.PF_ATTACHEMENTS (ID,TYPE_OF_ATTACHEMENT,PATH_TO_FILE,ID_ANNOUNCEMENT,IMAGE_NAME) values (578,2,'C:\upload\iconSatMay27114739EEST2017.jpg',281,'iconSatMay27114739EEST2017.jpg');
Insert into RALUCA.PF_ATTACHEMENTS (ID,TYPE_OF_ATTACHEMENT,PATH_TO_FILE,ID_ANNOUNCEMENT,IMAGE_NAME) values (584,2,'C:\upload\iconSatMay27114456EEST2017.jpg',61,'iconSatMay27114456EEST2017.jpg');
Insert into RALUCA.PF_ATTACHEMENTS (ID,TYPE_OF_ATTACHEMENT,PATH_TO_FILE,ID_ANNOUNCEMENT,IMAGE_NAME) values (595,2,'C:\upload\iconSatMay27115239EEST2017.jpg',15,'iconSatMay27115239EEST2017.jpg');
Insert into RALUCA.PF_ATTACHEMENTS (ID,TYPE_OF_ATTACHEMENT,PATH_TO_FILE,ID_ANNOUNCEMENT,IMAGE_NAME) values (596,2,'C:\upload\iconSatMay27115238EEST2017.jpg',15,'iconSatMay27115238EEST2017.jpg');
Insert into RALUCA.PF_ATTACHEMENTS (ID,TYPE_OF_ATTACHEMENT,PATH_TO_FILE,ID_ANNOUNCEMENT,IMAGE_NAME) values (597,2,'C:\upload\iconSatMay27115257EEST2017.jpg',2,'iconSatMay27115257EEST2017.jpg');
Insert into RALUCA.PF_ATTACHEMENTS (ID,TYPE_OF_ATTACHEMENT,PATH_TO_FILE,ID_ANNOUNCEMENT,IMAGE_NAME) values (598,2,'C:\upload\iconSatMay27115253EEST2017.jpg',2,'iconSatMay27115253EEST2017.jpg');
Insert into RALUCA.PF_ATTACHEMENTS (ID,TYPE_OF_ATTACHEMENT,PATH_TO_FILE,ID_ANNOUNCEMENT,IMAGE_NAME) values (599,2,'C:\upload\iconSatMay27115255EEST2017.jpg',2,'iconSatMay27115255EEST2017.jpg');
REM INSERTING into RALUCA.PF_FAV_ANNOUNCEMENTS
SET DEFINE OFF;
Insert into RALUCA.PF_FAV_ANNOUNCEMENTS (ID_USER,ID_ANNOUNCEMENT) values (81,217);
Insert into RALUCA.PF_FAV_ANNOUNCEMENTS (ID_USER,ID_ANNOUNCEMENT) values (81,139);
Insert into RALUCA.PF_FAV_ANNOUNCEMENTS (ID_USER,ID_ANNOUNCEMENT) values (277,217);
Insert into RALUCA.PF_FAV_ANNOUNCEMENTS (ID_USER,ID_ANNOUNCEMENT) values (81,61);
Insert into RALUCA.PF_FAV_ANNOUNCEMENTS (ID_USER,ID_ANNOUNCEMENT) values (245,217);
Insert into RALUCA.PF_FAV_ANNOUNCEMENTS (ID_USER,ID_ANNOUNCEMENT) values (275,217);
Insert into RALUCA.PF_FAV_ANNOUNCEMENTS (ID_USER,ID_ANNOUNCEMENT) values (277,61);
Insert into RALUCA.PF_FAV_ANNOUNCEMENTS (ID_USER,ID_ANNOUNCEMENT) values (5,61);
Insert into RALUCA.PF_FAV_ANNOUNCEMENTS (ID_USER,ID_ANNOUNCEMENT) values (81,3);
Insert into RALUCA.PF_FAV_ANNOUNCEMENTS (ID_USER,ID_ANNOUNCEMENT) values (5,281);
Insert into RALUCA.PF_FAV_ANNOUNCEMENTS (ID_USER,ID_ANNOUNCEMENT) values (81,2);
Insert into RALUCA.PF_FAV_ANNOUNCEMENTS (ID_USER,ID_ANNOUNCEMENT) values (81,10);
REM INSERTING into RALUCA.PF_MESSAGES
SET DEFINE OFF;
Insert into RALUCA.PF_MESSAGES (ID,TEXT,CREATED_AT,SECOND_PART_TEXT,ID_ANNOUNCEMENT) values (301,'Hello,I''m , I found this announcement on your site. Please, give me more details about ID 217.  I will be available to achieve/move in from . ',to_date('13-MAY-17','DD-MON-RR'),'Call me on:  or email me on: ',217);
Insert into RALUCA.PF_MESSAGES (ID,TEXT,CREATED_AT,SECOND_PART_TEXT,ID_ANNOUNCEMENT) values (302,'Hello,I''m , I found this announcement on your site. Please, give me more details about ID 217.  I will be available to achieve/move in from .',to_date('15-MAY-17','DD-MON-RR'),' Call me on:  or email me on: ',217);
Insert into RALUCA.PF_MESSAGES (ID,TEXT,CREATED_AT,SECOND_PART_TEXT,ID_ANNOUNCEMENT) values (303,'Hello,I''m mihaela, I found this announcement on your site. Please, give me more details about ID 61.  I will be available to achieve/move in from 05/08/2017.',to_date('20-MAY-17','DD-MON-RR'),'Call me on: 0751966384 or email me on: ana@gmail.com.',61);
Insert into RALUCA.PF_MESSAGES (ID,TEXT,CREATED_AT,SECOND_PART_TEXT,ID_ANNOUNCEMENT) values (304,'Hello,I''m alina, I found this announcement on your site. Please, give me more details about ID 61.  I will be available to achieve/move in from 05/01/2017.',to_date('20-MAY-17','DD-MON-RR'),'Call me on: 0741988524 or email me on: alina@gmail.com.',61);
Insert into RALUCA.PF_MESSAGES (ID,TEXT,CREATED_AT,SECOND_PART_TEXT,ID_ANNOUNCEMENT) values (321,'Hello,I''m khgjjhvh, I found this announcement on your site. Please, give me more details about ID 61.  I will be available to achieve/move in from 05/02/2017.',to_date('20-MAY-17','DD-MON-RR'),'Call me on: 0751233233 or email me on: miha@gmail.com.',61);
REM INSERTING into RALUCA.PF_USERS
SET DEFINE OFF;
Insert into RALUCA.PF_USERS (ID,EMAIL,ENABLED,FIRSTNAME,LASTNAME,LOCKED,PASSWORD,KEY,ROLE) values (81,'mihaela.lzr@gmail.com',0,'Mihaela','miha',0,'F5032016AA90FB0EB64972BC3C4B84E1','J+0dGYBa5e3jhbH+fWKK5A==','user');
Insert into RALUCA.PF_USERS (ID,EMAIL,ENABLED,FIRSTNAME,LASTNAME,LOCKED,PASSWORD,KEY,ROLE) values (277,'emilia.popa@gmail.com',0,'jgfj','hkl',0,'F5032016AA90FB0EB64972BC3C4B84E1','J+0dGYBa5e3jhbH+fWKK5A==','admin');
Insert into RALUCA.PF_USERS (ID,EMAIL,ENABLED,FIRSTNAME,LASTNAME,LOCKED,PASSWORD,KEY,ROLE) values (275,'cosmin@gmail.com',0,'cosmin','alex',0,'E74D9CEE9DB18ED24A630930C1BD0325','h8CtUmB5vZ3AhQHcengDQg==','user');
Insert into RALUCA.PF_USERS (ID,EMAIL,ENABLED,FIRSTNAME,LASTNAME,LOCKED,PASSWORD,KEY,ROLE) values (276,'cristina@gmail.com',0,'cristina','criss',0,'FF8058580D1E81606D0A6BF805B0C941','2zq2XcEAsHeOXC1HPv7K/Q==','user');
Insert into RALUCA.PF_USERS (ID,EMAIL,ENABLED,FIRSTNAME,LASTNAME,LOCKED,PASSWORD,KEY,ROLE) values (5,'ana@gmail.com',0,'ana','belle',0,'F5032016AA90FB0EB64972BC3C4B84E1','J+0dGYBa5e3jhbH+fWKK5A==','user');
--------------------------------------------------------
--  DDL for Index CITY_REAL_ESTATE
--------------------------------------------------------

  CREATE INDEX "RALUCA"."CITY_REAL_ESTATE" ON "RALUCA"."REAL_ESTATE" ("CONSTRUCTION_YEAR", "CITY") 
  PCTFREE 10 INITRANS 2 MAXTRANS 255 COMPUTE STATISTICS 
  STORAGE(INITIAL 65536 NEXT 1048576 MINEXTENTS 1 MAXEXTENTS 2147483645
  PCTINCREASE 0 FREELISTS 1 FREELIST GROUPS 1 BUFFER_POOL DEFAULT FLASH_CACHE DEFAULT CELL_FLASH_CACHE DEFAULT)
  TABLESPACE "SYSTEM" ;
--------------------------------------------------------
--  DDL for Index CONTRACTS_USER_ID
--------------------------------------------------------

  CREATE INDEX "RALUCA"."CONTRACTS_USER_ID" ON "RALUCA"."CONTRACTS" ("USER_ID") 
  PCTFREE 10 INITRANS 2 MAXTRANS 255 COMPUTE STATISTICS 
  STORAGE(INITIAL 65536 NEXT 1048576 MINEXTENTS 1 MAXEXTENTS 2147483645
  PCTINCREASE 0 FREELISTS 1 FREELIST GROUPS 1 BUFFER_POOL DEFAULT FLASH_CACHE DEFAULT CELL_FLASH_CACHE DEFAULT)
  TABLESPACE "SYSTEM" ;
--------------------------------------------------------
--  DDL for Index SYS_C007793
--------------------------------------------------------

  CREATE UNIQUE INDEX "RALUCA"."SYS_C007793" ON "RALUCA"."USERS" ("ID") 
  PCTFREE 10 INITRANS 2 MAXTRANS 255 COMPUTE STATISTICS 
  STORAGE(INITIAL 65536 NEXT 1048576 MINEXTENTS 1 MAXEXTENTS 2147483645
  PCTINCREASE 0 FREELISTS 1 FREELIST GROUPS 1 BUFFER_POOL DEFAULT FLASH_CACHE DEFAULT CELL_FLASH_CACHE DEFAULT)
  TABLESPACE "SYSTEM" ;
--------------------------------------------------------
--  DDL for Index SYS_C009810
--------------------------------------------------------

  CREATE UNIQUE INDEX "RALUCA"."SYS_C009810" ON "RALUCA"."PF_ANNOUNCEMENTS" ("ID") 
  PCTFREE 10 INITRANS 2 MAXTRANS 255 COMPUTE STATISTICS 
  STORAGE(INITIAL 65536 NEXT 1048576 MINEXTENTS 1 MAXEXTENTS 2147483645
  PCTINCREASE 0 FREELISTS 1 FREELIST GROUPS 1 BUFFER_POOL DEFAULT FLASH_CACHE DEFAULT CELL_FLASH_CACHE DEFAULT)
  TABLESPACE "SYSTEM" ;
--------------------------------------------------------
--  DDL for Index SYS_C009815
--------------------------------------------------------

  CREATE UNIQUE INDEX "RALUCA"."SYS_C009815" ON "RALUCA"."PF_ATTACHEMENTS" ("ID") 
  PCTFREE 10 INITRANS 2 MAXTRANS 255 COMPUTE STATISTICS 
  STORAGE(INITIAL 65536 NEXT 1048576 MINEXTENTS 1 MAXEXTENTS 2147483645
  PCTINCREASE 0 FREELISTS 1 FREELIST GROUPS 1 BUFFER_POOL DEFAULT FLASH_CACHE DEFAULT CELL_FLASH_CACHE DEFAULT)
  TABLESPACE "SYSTEM" ;
--------------------------------------------------------
--  DDL for Index SYS_C009820
--------------------------------------------------------

  CREATE UNIQUE INDEX "RALUCA"."SYS_C009820" ON "RALUCA"."PF_MESSAGES" ("ID") 
  PCTFREE 10 INITRANS 2 MAXTRANS 255 COMPUTE STATISTICS 
  STORAGE(INITIAL 65536 NEXT 1048576 MINEXTENTS 1 MAXEXTENTS 2147483645
  PCTINCREASE 0 FREELISTS 1 FREELIST GROUPS 1 BUFFER_POOL DEFAULT FLASH_CACHE DEFAULT CELL_FLASH_CACHE DEFAULT)
  TABLESPACE "SYSTEM" ;
--------------------------------------------------------
--  DDL for Index SYS_C009828
--------------------------------------------------------

  CREATE UNIQUE INDEX "RALUCA"."SYS_C009828" ON "RALUCA"."PF_USERS" ("ID") 
  PCTFREE 10 INITRANS 2 MAXTRANS 255 COMPUTE STATISTICS 
  STORAGE(INITIAL 65536 NEXT 1048576 MINEXTENTS 1 MAXEXTENTS 2147483645
  PCTINCREASE 0 FREELISTS 1 FREELIST GROUPS 1 BUFFER_POOL DEFAULT FLASH_CACHE DEFAULT CELL_FLASH_CACHE DEFAULT)
  TABLESPACE "SYSTEM" ;
--------------------------------------------------------
--  DDL for Index UKFM218F2338VWHPAVQ94U95C3B
--------------------------------------------------------

  CREATE UNIQUE INDEX "RALUCA"."UKFM218F2338VWHPAVQ94U95C3B" ON "RALUCA"."PF_ANNOUNCEMENTS" ("ADDRESS") 
  PCTFREE 10 INITRANS 2 MAXTRANS 255 COMPUTE STATISTICS 
  STORAGE(INITIAL 65536 NEXT 1048576 MINEXTENTS 1 MAXEXTENTS 2147483645
  PCTINCREASE 0 FREELISTS 1 FREELIST GROUPS 1 BUFFER_POOL DEFAULT FLASH_CACHE DEFAULT CELL_FLASH_CACHE DEFAULT)
  TABLESPACE "SYSTEM" ;
--------------------------------------------------------
--  DDL for Index UKHSUWA6YS4E2GRFVK9XFOMIKY2
--------------------------------------------------------

  CREATE UNIQUE INDEX "RALUCA"."UKHSUWA6YS4E2GRFVK9XFOMIKY2" ON "RALUCA"."PF_USERS" ("EMAIL") 
  PCTFREE 10 INITRANS 2 MAXTRANS 255 COMPUTE STATISTICS 
  STORAGE(INITIAL 65536 NEXT 1048576 MINEXTENTS 1 MAXEXTENTS 2147483645
  PCTINCREASE 0 FREELISTS 1 FREELIST GROUPS 1 BUFFER_POOL DEFAULT FLASH_CACHE DEFAULT CELL_FLASH_CACHE DEFAULT)
  TABLESPACE "SYSTEM" ;
--------------------------------------------------------
--  DDL for Index USERNAME_PASSWORD_EMAIL
--------------------------------------------------------

  CREATE INDEX "RALUCA"."USERNAME_PASSWORD_EMAIL" ON "RALUCA"."USERS" ("USERNAME", "USER_PASSWORD", "EMAIL") 
  PCTFREE 10 INITRANS 2 MAXTRANS 255 COMPUTE STATISTICS 
  STORAGE(INITIAL 65536 NEXT 1048576 MINEXTENTS 1 MAXEXTENTS 2147483645
  PCTINCREASE 0 FREELISTS 1 FREELIST GROUPS 1 BUFFER_POOL DEFAULT FLASH_CACHE DEFAULT CELL_FLASH_CACHE DEFAULT)
  TABLESPACE "SYSTEM" ;
--------------------------------------------------------
--  Constraints for Table CONTRACTS
--------------------------------------------------------

  ALTER TABLE "RALUCA"."CONTRACTS" MODIFY ("REAL_ESTATE_ID" NOT NULL ENABLE);
  ALTER TABLE "RALUCA"."CONTRACTS" MODIFY ("USER_ID" NOT NULL ENABLE);
--------------------------------------------------------
--  Constraints for Table LOGS
--------------------------------------------------------

  ALTER TABLE "RALUCA"."LOGS" MODIFY ("USER_ID" NOT NULL ENABLE);
--------------------------------------------------------
--  Constraints for Table PF_ANNOUNCEMENTS
--------------------------------------------------------

  ALTER TABLE "RALUCA"."PF_ANNOUNCEMENTS" ADD CONSTRAINT "UKFM218F2338VWHPAVQ94U95C3B" UNIQUE ("ADDRESS")
  USING INDEX PCTFREE 10 INITRANS 2 MAXTRANS 255 COMPUTE STATISTICS 
  STORAGE(INITIAL 65536 NEXT 1048576 MINEXTENTS 1 MAXEXTENTS 2147483645
  PCTINCREASE 0 FREELISTS 1 FREELIST GROUPS 1 BUFFER_POOL DEFAULT FLASH_CACHE DEFAULT CELL_FLASH_CACHE DEFAULT)
  TABLESPACE "SYSTEM"  ENABLE;
  ALTER TABLE "RALUCA"."PF_ANNOUNCEMENTS" ADD PRIMARY KEY ("ID")
  USING INDEX PCTFREE 10 INITRANS 2 MAXTRANS 255 COMPUTE STATISTICS 
  STORAGE(INITIAL 65536 NEXT 1048576 MINEXTENTS 1 MAXEXTENTS 2147483645
  PCTINCREASE 0 FREELISTS 1 FREELIST GROUPS 1 BUFFER_POOL DEFAULT FLASH_CACHE DEFAULT CELL_FLASH_CACHE DEFAULT)
  TABLESPACE "SYSTEM"  ENABLE;
  ALTER TABLE "RALUCA"."PF_ANNOUNCEMENTS" MODIFY ("UTILITIES" NOT NULL ENABLE);
  ALTER TABLE "RALUCA"."PF_ANNOUNCEMENTS" MODIFY ("TYPE_OF_TRANSACTION" NOT NULL ENABLE);
  ALTER TABLE "RALUCA"."PF_ANNOUNCEMENTS" MODIFY ("TYPE_OF_ESTATE" NOT NULL ENABLE);
  ALTER TABLE "RALUCA"."PF_ANNOUNCEMENTS" MODIFY ("SURFACE" NOT NULL ENABLE);
  ALTER TABLE "RALUCA"."PF_ANNOUNCEMENTS" MODIFY ("ROOMS" NOT NULL ENABLE);
  ALTER TABLE "RALUCA"."PF_ANNOUNCEMENTS" MODIFY ("RENT_PRICE" NOT NULL ENABLE);
  ALTER TABLE "RALUCA"."PF_ANNOUNCEMENTS" MODIFY ("LAST_UPDATE" NOT NULL ENABLE);
  ALTER TABLE "RALUCA"."PF_ANNOUNCEMENTS" MODIFY ("DIVISION" NOT NULL ENABLE);
  ALTER TABLE "RALUCA"."PF_ANNOUNCEMENTS" MODIFY ("CREATION_DATE" NOT NULL ENABLE);
  ALTER TABLE "RALUCA"."PF_ANNOUNCEMENTS" MODIFY ("CONTACT_NUMBER" NOT NULL ENABLE);
  ALTER TABLE "RALUCA"."PF_ANNOUNCEMENTS" MODIFY ("YEAR_OF_CONSTRUCTION" NOT NULL ENABLE);
  ALTER TABLE "RALUCA"."PF_ANNOUNCEMENTS" MODIFY ("CITY" NOT NULL ENABLE);
  ALTER TABLE "RALUCA"."PF_ANNOUNCEMENTS" MODIFY ("BUY_PRICE" NOT NULL ENABLE);
  ALTER TABLE "RALUCA"."PF_ANNOUNCEMENTS" MODIFY ("ADDRESS" NOT NULL ENABLE);
  ALTER TABLE "RALUCA"."PF_ANNOUNCEMENTS" MODIFY ("ID" NOT NULL ENABLE);
--------------------------------------------------------
--  Constraints for Table PF_ATTACHEMENTS
--------------------------------------------------------

  ALTER TABLE "RALUCA"."PF_ATTACHEMENTS" ADD PRIMARY KEY ("ID")
  USING INDEX PCTFREE 10 INITRANS 2 MAXTRANS 255 COMPUTE STATISTICS 
  STORAGE(INITIAL 65536 NEXT 1048576 MINEXTENTS 1 MAXEXTENTS 2147483645
  PCTINCREASE 0 FREELISTS 1 FREELIST GROUPS 1 BUFFER_POOL DEFAULT FLASH_CACHE DEFAULT CELL_FLASH_CACHE DEFAULT)
  TABLESPACE "SYSTEM"  ENABLE;
  ALTER TABLE "RALUCA"."PF_ATTACHEMENTS" MODIFY ("TYPE_OF_ATTACHEMENT" NOT NULL ENABLE);
  ALTER TABLE "RALUCA"."PF_ATTACHEMENTS" MODIFY ("ID" NOT NULL ENABLE);
--------------------------------------------------------
--  Constraints for Table PF_MESSAGES
--------------------------------------------------------

  ALTER TABLE "RALUCA"."PF_MESSAGES" ADD PRIMARY KEY ("ID")
  USING INDEX PCTFREE 10 INITRANS 2 MAXTRANS 255 COMPUTE STATISTICS 
  STORAGE(INITIAL 65536 NEXT 1048576 MINEXTENTS 1 MAXEXTENTS 2147483645
  PCTINCREASE 0 FREELISTS 1 FREELIST GROUPS 1 BUFFER_POOL DEFAULT FLASH_CACHE DEFAULT CELL_FLASH_CACHE DEFAULT)
  TABLESPACE "SYSTEM"  ENABLE;
  ALTER TABLE "RALUCA"."PF_MESSAGES" MODIFY ("TEXT" NOT NULL ENABLE);
  ALTER TABLE "RALUCA"."PF_MESSAGES" MODIFY ("ID" NOT NULL ENABLE);
--------------------------------------------------------
--  Constraints for Table PF_USERS
--------------------------------------------------------

  ALTER TABLE "RALUCA"."PF_USERS" ADD CONSTRAINT "UKHSUWA6YS4E2GRFVK9XFOMIKY2" UNIQUE ("EMAIL")
  USING INDEX PCTFREE 10 INITRANS 2 MAXTRANS 255 COMPUTE STATISTICS 
  STORAGE(INITIAL 65536 NEXT 1048576 MINEXTENTS 1 MAXEXTENTS 2147483645
  PCTINCREASE 0 FREELISTS 1 FREELIST GROUPS 1 BUFFER_POOL DEFAULT FLASH_CACHE DEFAULT CELL_FLASH_CACHE DEFAULT)
  TABLESPACE "SYSTEM"  ENABLE;
  ALTER TABLE "RALUCA"."PF_USERS" ADD PRIMARY KEY ("ID")
  USING INDEX PCTFREE 10 INITRANS 2 MAXTRANS 255 COMPUTE STATISTICS 
  STORAGE(INITIAL 65536 NEXT 1048576 MINEXTENTS 1 MAXEXTENTS 2147483645
  PCTINCREASE 0 FREELISTS 1 FREELIST GROUPS 1 BUFFER_POOL DEFAULT FLASH_CACHE DEFAULT CELL_FLASH_CACHE DEFAULT)
  TABLESPACE "SYSTEM"  ENABLE;
  ALTER TABLE "RALUCA"."PF_USERS" MODIFY ("PASSWORD" NOT NULL ENABLE);
  ALTER TABLE "RALUCA"."PF_USERS" MODIFY ("LOCKED" NOT NULL ENABLE);
  ALTER TABLE "RALUCA"."PF_USERS" MODIFY ("LASTNAME" NOT NULL ENABLE);
  ALTER TABLE "RALUCA"."PF_USERS" MODIFY ("FIRSTNAME" NOT NULL ENABLE);
  ALTER TABLE "RALUCA"."PF_USERS" MODIFY ("ENABLED" NOT NULL ENABLE);
  ALTER TABLE "RALUCA"."PF_USERS" MODIFY ("EMAIL" NOT NULL ENABLE);
  ALTER TABLE "RALUCA"."PF_USERS" MODIFY ("ID" NOT NULL ENABLE);
-- --------------------------------------------------------
-- --  DDL for Trigger CHANGE_CITY_NAME
-- --------------------------------------------------------

--   CREATE OR REPLACE TRIGGER "RALUCA"."CHANGE_CITY_NAME" AFTER INSERT ON real_estate
--   REFERENCING OLD AS OldRow NEW AS NewRow  
--   FOR EACH ROW
--    BEGIN 
--      BEGIN
--         if (:NewRow.city = 'Bucharest' ) THEN
--             UPDATE real_estate set real_estate.city = 'Bucuresti' where real_estate.id = :NewRow.id;
--         END IF;
--     END;
     
--    END;  
-- /
-- ALTER TRIGGER "RALUCA"."CHANGE_CITY_NAME" ENABLE;
--------------------------------------------------------
--  DDL for Trigger DUPLICATE_EMAIL
--------------------------------------------------------

  -- CREATE OR REPLACE TRIGGER "RALUCA"."DUPLICATE_EMAIL" BEFORE INSERT ON users
  -- REFERENCING OLD AS OldRow NEW AS NewRow  
  -- FOR EACH ROW
  --  BEGIN 
  --    DECLARE l_exists NUMBER;
  --    BEGIN
  --       SELECT COUNT(*) INTO l_exists FROM users WHERE users.email = :NewRow.email AND ROWNUM = 1;
  --       IF (l_exists = 1) THEN 
  --         raise_application_error(-20634, 'This time clashes with another event.');
  --       END IF;
  --   END;
     
  --  END;
   
   
--   CREATE TRIGGER MOVE_TO_ARCHIVE AFTER INS
-- /
-- ALTER TRIGGER "RALUCA"."DUPLICATE_EMAIL" ENABLE;
-- --------------------------------------------------------
-- --  DDL for Trigger DUPLICATE_ESTATE
-- --------------------------------------------------------

--   CREATE OR REPLACE TRIGGER "RALUCA"."DUPLICATE_ESTATE" BEFORE INSERT ON real_estate
--   REFERENCING OLD AS OldRow NEW AS NewRow  
--   FOR EACH ROW
--    BEGIN 
--      DECLARE l_exists NUMBER;
--      BEGIN
--         SELECT COUNT(*) INTO l_exists FROM real_estate WHERE real_estate.address = :NewRow.address AND ROWNUM = 1;
--         IF (l_exists = 1) THEN 
--           raise_application_error(-20634, 'Already existent property in database');
--         END IF;
--     END;
     
--    END;
-- /
-- ALTER TRIGGER "RALUCA"."DUPLICATE_ESTATE" ENABLE;
--------------------------------------------------------
--  DDL for Trigger DUPLICATE_ID
--------------------------------------------------------

--   CREATE OR REPLACE TRIGGER "RALUCA"."DUPLICATE_ID" BEFORE INSERT ON users
--   REFERENCING OLD AS OldRow NEW AS NewRow  
--   FOR EACH ROW
--    BEGIN 
--      DECLARE l_exists NUMBER;
--      BEGIN
--         SELECT COUNT(*) INTO l_exists FROM users WHERE users.id = :NewRow.id AND ROWNUM = 1;
--         IF (l_exists = 1) THEN 
--           insert into USERS (id, first_name, last_name, email, username, user_role, user_password)
--               values ((select max(id) + 1 from users), :NewRow.first_name, :NewRow.last_name, :NewRow.email, :NewRow.username, :NewRow.user_role, :NewRow.user_password);
--         END IF;
--     END;
     
--    END;
   
-- /
-- ALTER TRIGGER "RALUCA"."DUPLICATE_ID" ENABLE;
--------------------------------------------------------
--  DDL for Trigger MOVE_TO_ARCHIVE
--------------------------------------------------------

--   CREATE OR REPLACE TRIGGER "RALUCA"."MOVE_TO_ARCHIVE" AFTER INSERT ON REAL_ESTATE
--   BEGIN
--     DECLARE    
--         CURSOR get_estates IS SELECT * FROM REAL_ESTATE;
--         estates_registration get_estates%ROWTYPE;
--         number_of_days NUMBER;
--         user_id_contract NUMBER;
--         real_estate_id_contract NUMBER;
--         rent_price_contract NUMBER;
--         buy_price_contract NUMBER;
--         contract_date_contract DATE;
--     BEGIN
--         open get_estates;
--         LOOP
--         FETCH get_estates INTO estates_registration;
--         EXIT WHEN get_estates%NOTFOUND;
--           number_of_days := 0;
--           SELECT trunc(sysdate) - TRUNC(create_date) DAYS into number_of_days FROM real_estate where real_estate.id = estates_registration.id and rownum = 1; 
--           if (number_of_days >= 30 ) THEN
          
--               select contracts.user_id, CONTRACT_DATE into user_id_contract,contract_date_contract  from contracts where REAL_ESTATE_ID = estates_registration.id and rownum = 1;
              
--               insert into PF_ARCHIVE(USER_ID,REAL_ESTATE_ID,RENT_PRICE,BUY_PRICE,CONTRACT_DATE) 
--                   VALUES(user_id_contract, estates_registration.ID, estates_registration.rent_price, estates_registration.buy_price, contract_date_contract );
                  
--               DELETE from REAL_ESTATE where real_estate.id = estates_registration.id;
--           END IF;
--         END LOOP;
--     END;
    
--   END;
-- /
-- ALTER TRIGGER "RALUCA"."MOVE_TO_ARCHIVE" ENABLE;
--------------------------------------------------------
--  DDL for Package USERS_PACKAGE
--------------------------------------------------------

--   CREATE OR REPLACE PACKAGE "RALUCA"."USERS_PACKAGE" is 

--   /* TODO enter package declarations (types, exceptions, methods etc) here */ 
--   procedure createUser(userName varchar2,firstName varchar2,lastName varchar2, email varchar2, user_password varchar2);
--   procedure updateUserPassword(userName varchar2,old_password varchar2, new_password varchar2);
  
-- END USERS_PACKAGE;

-- /
-- --------------------------------------------------------
-- --  DDL for Package Body USERS_PACKAGE
-- --------------------------------------------------------

--   CREATE OR REPLACE PACKAGE BODY "RALUCA"."USERS_PACKAGE" is
    
--     procedure createUser( userName varchar2,firstName varchar2,lastName varchar2, email varchar2, user_password varchar2) AS      
--     begin
--       insert into users(users.id, users.first_name, users.last_name, users.user_password,email,
--             users,username, users.user_role) values( (select MAX(ID)+ 1 from users), firstName, lastName,
--             user_password,email, userName,'user');
--     end createUser;
  
--    procedure updateUserPassword(userName varchar2,old_password varchar2, new_password varchar2) as
--    begin
--       update users set USERS.USER_PASSWORD = new_password where userName = USERNAME AND old_password = USER_PASSWORD;  
--    end updateUserPassword;
    
-- end USERS_PACKAGE;

-- select * from users order by id desc;

-- /
